No.,brand_name,reviewer,rating,date,content
2-1,十四代,wajoryoshu,4.7,2024年7月10日,十四代* 吟撰 吟醸酒生詰 山田錦50%  今年も吟撰を首尾よく入手
2-2,十四代,wajoryoshu,4.7,2024年7月10日,やはり格別に旨い
12-1,十四代,モコモコ,4.7,2024年6月22日,久々に十四代  吟撰は人気ないと聞いてるが  開けたては美味しいですね
12-2,十四代,モコモコ,4.7,2024年6月22日,純米無濾過生よりは好きな味
12-3,十四代,モコモコ,4.7,2024年6月22日,美味しいですね
13-1,十四代,コッス,4.9,2024年6月20日,酸味、甘味、ほんとにバランスが良く、今年飲んだ日本酒の中でNo. 1だと思う
13-2,十四代,コッス,4.9,2024年6月20日,甘みがあるのに香りが上品  フレッシュなシュワ感も嫌な感じではなくほんとに美味しい
17,十四代,aki,5,2024年6月14日,みんなが美味しいというお酒だけありますね、甘いだけじゃなくて、なんかほんのり重い感じの、ひと口残る感じの甘さ
19,十四代,takanobu,5,2024年6月13日,いったい店で飲んだら幾らするんだろう
31,十四代,植田 浩嗣,3.8,2024年5月21日,日本酒好きならやっぱり手に入れたい銘柄ですよね  一年に一度くらいですが、正規特約店にて手に入るタイミングがあると手を出してしまいます😅   こちらの十四代は荒走りということで少し荒々しさ感じます  華やかな香りと深い甘味、いつもより強めの酸味を感じました  甘口ですがすいすい飲めるバランスの良さを感じます   とても美味しいお酒ではありますがいつも買えるお酒でもこういうのあるよなぁと思ってしまいます  プレミア価格で非正規品を買うのはやめた方が良いです   傷むと良さが損なわれそうな感じのお酒ですので
33,十四代,succhii,4.4,2024年5月18日,「寒菊と同系統、だがコスパはどうか」という問題提起がされた
42,十四代,HM,4,2024年5月6日,一升一万円超えでこの味わいだといくら十四代でもちょっとコスパ悪いですかね
45,十四代,wajoryoshu,4.7,2024年5月4日,十四代* 荒走り 上諸白（純米大吟醸） 本生・原酒 山田錦45%  唯一外呑みでも投稿してしている入手困難酒筆頭銘柄だが、飲食店でも未経験の荒走り・上諸白を初入手
46,十四代,田川の鯉,4.5,2024年5月3日,いつ飲んでも旨い
53,十四代,hayaty,4.5,2024年4月24日,もう買えないかもなので最初の投稿は前に飲んだ十四代にした
54,十四代,日本酒太郎右衛門景義,4,2024年4月22日,柔らかい甘味、米のふくよかさ、ドライ感の変化から微発泡感、余韻の苦味に至るまで口の中での変化過程は面白いですが、定価と入手難易度を考えると星一つ落とさざるをえませんでした
57,十四代,モコモコ,4.3,2024年4月21日,それでも普通に美味しいのは流石
61-1,十四代,btetsu,4.8,2024年4月12日,美味しいけど元はどんなだったか
61-2,十四代,btetsu,4.8,2024年4月12日,ここ数年はいろんな日本酒のんで、十四代じゃなくても美味しい酒はいくらでもあると気づかされた
68,十四代,くにひろ,5,2024年3月31日,十四代 超特　はじめまして(*´-ω-))ﾍﾟｺﾘ  やっぱりこのクラスになると凄いな  今回も美味しいお酒ご馳走様(*˘︶˘人)でしたッ♡  【音波 千葉富士見店】
70,十四代,ともがゆく,4.7,2024年3月29日,十四代 中取り無濾過  聖地行く途中の蕎麦屋にて  怒涛の繁忙期が落ち着き  3連休です、久しぶりに  聖地で買い物したいな〜と  大雨の中行ってきました  やっぱりお昼はここですね  軽やかな口当たりかつ  ほのかな甘さがとても美味しい   ハム競馬は夜に書きます
75,十四代,ふふ,5,2024年3月22日,本丸の1000倍美味しいことは  わかりました
79,十四代,BATA77,5,2024年3月19日,甘旨で、最高に美味しいですね😋  家でゆったり飲みたいです
86,十四代,わふ,4.2,2024年3月13日,角新でも純米でもない本丸  ビール１ℓの後で飲んだからか今回は苦味が少〜ししんどかった  普段ポン酒を飲まない方々にはフルーティで衝撃の美味さやったみたいで良かったぜ😎   3/7京橋の大衆居酒屋で  コレ投稿するの渋ってた
95,十四代,ふふ,4.7,2024年3月4日,十四代特別本醸造角新本丸秘伝玉返し  純米品質の角新本丸  フルーティーさはあるがやはり以前の  十四代はアルコール感かんじさせない  飲みやすいものだがこの角新は  やはりビリッと辛み感じる後味
103,十四代,mugen-justice2,5,2024年2月24日,十四代　播州山田錦　大極上生  年末年始ラッキーなことに買えました  濃厚だけど、あと味ひかず、雑味はなし  たぶんこの雑味のなしが高評価なんだろうなぁと思う
106,十四代,KIMI,4.4,2024年2月17日,若僧に飲ます酒じゃねぇ的な  まぁ３０ねんも前だからねぇ   美味しい～(>_   １４代と１６代の飲み比べ～  飲み比べ最高～
114,十四代,art,4,2024年2月10日,やっぱり十四代は美味しい
119-1,十四代,ふふ,4.7,2024年2月1日,十四代七垂二十貫  十四代にしてはかなりしつこい甘さ  終いのアルコール感ない感じが  好きだがこれはしっかりアルコール感じてしまった
119-2,十四代,ふふ,4.7,2024年2月1日,美味しいとは思うけど………………
133,十四代,仙臺四合,4.6,2024年1月13日,播州愛山中取り純米吟醸生詰♬  HAPPY十四代➕●αなので♬  甘旨香カドゼロ濃厚甘旨旨いつまでも続く旨♬  うまいなぁ♬  6日後　華やかな香り甘旨上品な甘余韻
138,十四代,wajoryoshu,5,2024年1月11日,比較的入手できる十四代四合瓶「無濾過中取り純米55%生詰め」の上位酒生酒だが、正直十四代自体の造りが綺麗なので良い意味で中取りの意味があまりないように感じる
141,十四代,田川の鯉,4.8,2024年1月10日,1週間ほどかけて飲んだけど全くダレなかった
142,十四代,str,4.5,2024年1月9日,昔の値段なら滅茶苦茶コスパ最強だったのにな～
143,十四代,ろーちゃな,5,2024年1月9日,なんだかんだで本丸が一番美味しいという声を  よく耳にしますが、この清らかでジューシーな  青林檎感はどう受け取られるのでしょう🤔  あ、でも純米は角新だけですかね⁇
144-1,十四代,range,4.7,2024年1月8日,店頭に並んでいる2本とも買っていいとのことで興奮気味に2本手に取ってお会計したら300ml瓶で一般的な四合瓶の純米大吟醸くらいの価格で再びえっ
144-2,十四代,range,4.7,2024年1月8日,ただ相場を調べるとそれが定価で転売品とかは今日買った価格の4倍とかそれ以上の値段がついていました
144-3,十四代,range,4.7,2024年1月8日,十四代は居酒屋で飲んで以来生涯2回目で前回は色々飲んだ後の注文だったのと一緒に飲んだ朝日鷹のインパクトが強すぎてあまり印象に残らなかったのですが、今回素面の状態で飲むと今まで飲んだことのないような口当たりに驚かされます
146,十四代,wajoryoshu,5,2024年1月8日,十四代*** 純米大吟醸 龍月 兵庫県特A地区産山田錦35％ 揚げふね/七垂二十貫 斗瓶囲い氷温貯蔵大極上諸白酒  （さすがに年明け初投稿以降の度重なる不幸に憚られ投稿を控えておりましたが、そろそろ再開させていただきます）  十四代最高峰クラスの一角「龍月」を正月に合わせ入手に成功
147-1,十四代,たけ,4.5,2024年1月8日,もちろん美味しいのですが、  而今の大吟醸があまりにも美味過ぎて、  こちらはそこまで
147-2,十四代,たけ,4.5,2024年1月8日,時々、頂く十四代ですが、もはやスペックごとの  差がなさ過ぎてよくわからん😩  もちろん、どのスペックも美味しいけど、  最後は本丸に戻るのも納得です😌
148,十四代,kazu,5,2024年1月7日,大変美味しいお酒でした
149-1,十四代,mugen-justice2,4.5,2024年1月5日,十四代　龍の落とし子　大極上生  ラッキーなことに買えました  吟選しか飲んだことがないので、あまり比較になりませんが、アルコール感、変な雑味はほぼなく非常にすっきり
149-2,十四代,mugen-justice2,4.5,2024年1月5日,ちょつとだけマスカット感  突き詰めていくこんな感じなってくんだろうなぁと思いつつも、十四代の上と下しか飲んだことないので次は真ん中をのみたい
155,十四代,Cutie Dog,4.8,2024年1月3日,備忘録(2024年1月(7月購入))　十四代　中取り純米　厳選　無濾過生詰   【評価】  　冷酒　　　：4.8  　ひや(常温)：－  　燗　　　　：－   2024年の1本目は、辰年ということで『龍』のマークがある十四代☺️購入から5ヶ月ほど寝かせてしまったが、やはり『うんまいっ』🥰純米だけに香りはそんなに強くなく甘みが少し強めだが、アルコール感を感じられずスイスイ飲める😋   原材料：米(国産)　米麹(国産米)  原料米：国産米(100%)  精米歩合：55%  アルコール分：15度  酵母：蔵付10号
169,十四代,たぬきち,5,2024年1月1日,十四代　龍の落とし子　純米吟醸   2023.12＠宅   さっぱり目な甘旨、品もキレも香りもよく、  とても美味しい
176-1,十四代,縦の皮,3.9,2023年12月31日,今日飲むのは、お盆に買った極上諸白
176-2,十四代,縦の皮,3.9,2023年12月31日,買うのに苦労して、しかも高額なお酒ということを考慮すると…厳しい評価にせざるを得ないです
177,十四代,nao,4.5,2023年12月31日,十四代 七垂二十貫   口当たり柔らか  含むとフレッシュピリピリ  マスカットフルーティと酸味で甘いけどキレイ  それでいてジューシー旨味  後半の絶妙な苦味でサクサク飲める   十四代でもこのクラスはやはり別格に美味しい  家飲みで最初から最後まで飲めるのも至高なsaketime  残りは年越しでみんなと頂きます  家飲みできる十四代も七垂までが限度…  味わい的にも満点ですがコスパが_:(´ཀ`」 ∠):   以前も家飲みしたときに、嫁が妊娠中にウマーと言って飲んでたのを根にもっていたようで  嫁にそろそろ飲ませろーと言うのでゆっくり飲める今日に開栓  幻舞も負けじとウマーと笑顔でご満悦頂けました‎( ･ㅂ･)و ̑̑   今日は洋食屋さんで今さらなクリスマスディナー  その前にお店の横の公園に寄ったらエビフライ遊具発見‼︎  初めて現物見たのでちょっとテンション上がりました  ハチミツらしいけどどう見てもエビフライね(゜∀゜)   さて毎年恒例、年末昼から飲んだくれ生活へ突入です( ´ω`っ  )3
182,十四代,ともがゆく,4.7,2023年12月29日,十四代 中取り純吟 赤磐雄町  日本酒原価酒蔵にて  飲み比べセットという事で  3本の中ではこれが1番好きです  コクのある口当たりで  雄町由来の味わいかな
185,十四代,BATA77,5,2023年12月28日,酒未来は好きですが十四代は特に美味
186,十四代,しろくまとうさん,4.5,2023年12月28日,しっかり美味しい旨甘酸
188,十四代,ふふ,5,2023年12月26日,酒未来大好き  リッチで華やかな香りと甘み  大極上生も美味しいがやっぱり  酒未来～これ何杯飲んでも飽きません
193-1,十四代,からあげ,5,2023年12月22日,ほんと美味しいですね
193-2,十四代,からあげ,5,2023年12月22日,３年前に居酒屋で飲んだ記憶が蘇ります笑
198,十四代,ふふ,4.5,2023年12月18日,価格も少し昨年よりup  味わいは本丸より若干サッパリめで  酸味と甘みのバランスは相変わらず  心地良く生酒フレッシュ感も◎
201,十四代,不沈艦,4.8,2023年12月15日,後味に少しアル感がありましたが、それでも飲み込むまで楽しめる、いつもの美味しい酒でした
203,十四代,わふ,4.7,2023年12月14日,それはそうとジャパニーズウイスキーしかり、世界で評価されるのは嬉しいけど高級化と国内での流通が少なくなるのはつらいなぁ
213,十四代,DaigoTomoare,3.5,2023年12月2日,メロン系が好きならありかもしれないが、個人的にはそこまで探して買うものでもないなぁ
215,十四代,ふふ,5,2023年11月27日,十四代純米吟醸酒未来  いつ飲んでも美味しい酒未来  十四代はこの辺りからスタンダードでも  良いのかも………………  本丸もコスパ最高だけどね
219,十四代,えなちゃん,4.5,2023年11月17日,十四代 中取り純米吟醸 赤磐雄町   旨いのが当たり前
221,十四代,kasumi_♂,4,2023年11月15日,甘すぎずバランスが良く  もはや説明不要な  とても美味しいお酒でした
222,十四代,楊端和,5,2023年11月14日,GT、超(スーパー)、HEROESなどなど様々展開しているが、   なんといっても初期が好き
226,十四代,amane,5,2023年11月5日,備忘録＠新宿　ニューレバー  希少な日本酒がグラスで550 限定酒660  ありえないぐらい美味しいので(๑˃̶͈̀o˂̶͈́๑)
227,十四代,理系男子,5,2023年11月4日,香り、飲み口、キレと全て綺麗で、隙がなく美味しい
231-1,十四代,超シェルパ糊,4,2023年10月29日,美味しいの確定していると分かってましたがちゃんと美味しかったです
231-2,十四代,超シェルパ糊,4,2023年10月29日,ちょっと神格化され過ぎてて入手難度爆上がりだとかプレ値段転売とかあるんで☆0.5の減点
249-1,十四代,不沈艦,5,2023年10月10日,十四代　純米吟醸　龍の落とし子  　節目の1000レビューとなる今回、どの酒にしようか迷いましたが、過去に「自分史上1番」と評した十四代純米吟醸龍の落とし子が入手できたので選んでみました
249-2,十四代,不沈艦,5,2023年10月10日,やはり甘口好きの私には最高の酒でした
260,十四代,KC500,4.5,2023年9月30日,35年来の親友と久しぶりに飲んだ
265,十四代,不沈艦,4.9,2023年9月21日,十四代　純米吟醸　酒未来  　近くの有名酒屋さんで入手した十四代を酒友の面々といただきました
279,十四代,haya,5,2023年9月8日,高松に出張に来ました=3  アフターファイブに、ぶらり立ち呑み🚶🍶🎶   ・トロ甘がいっぱい  ・沁みる～(*´ω｀*)  ・ほんのり苦いのもご愛嬌   やっぱり美味しい
281,十四代,HM,5,2023年9月6日,十四代を初めて飲んだのがこの雄町でしたが、当時の感動は今でも覚えてます
282-1,十四代,モコモコ,4.7,2023年9月4日,十四代が手頃な価格なら折角なのでとりあえず飲みます（笑）  日本酒の概念を変えてくれた素晴らしい  日本酒ですが何回も飲んだからか感動が薄れて来てます
282-2,十四代,モコモコ,4.7,2023年9月4日,それは仕方ないけど、次に手頃価格で出会えたらまた飲んじゃうと思う
282-3,十四代,モコモコ,4.7,2023年9月4日,ボッタクリ価格では飲みません‼️
288,十四代,ほくと,4.5,2023年9月3日,本当に美味しいお酒でした
289,十四代,succhii,4,2023年9月2日,安いはずの中取り純米や本丸の方が自分には美味しい
299,十四代,Sakenori,4,2023年8月26日,■十四代　純吟　中取り　播州愛山   シンプルにバランスが凄く良く、  しかもそれが高水準の旨いお酒です
300,十四代,本の虫,5,2023年8月26日,やっぱり十四代は美味しいなぁ
303,十四代,ふふ,4.5,2023年8月20日,十四代吟選山田錦50％吟醸酒  夏のこの時期に出るお酒で1度目に飲んだ時は  好みだったが回を重ねるごとに旨みが感じ  取れなくなった吟選  美味しいお酒に出会い過ぎて口がわがままに  なったんでしょうな……多分
305,十四代,とも,5,2023年8月15日,家族4人でいただきましたが、全員が一致して「これまで呑んだどんな酒よりも旨い
309,十四代,ニラおじ,4,2023年8月15日,十四代　吟撰  十四代では初めて吟醸酒を飲んだがなかなかに美味しゅうございましま
317,十四代,Cutie Dog,5,2023年8月11日,備忘録(2023年8月(4月購入))　十四代　中取り純米　無濾過生詰   【評価】  　冷酒　　　：5.0  　ひや(常温)：－  　燗　　　　：－   なかなか購入出来ないので、飲む機会を逸していた十四代
323,十四代,ろーちゃな,4.5,2023年8月6日,十四代　吟撰　生詰   フルーティーな香りと丸い甘みの中から  出現するアル感強めの飲みごたえ ‼  このアル添感は好みが分かれそうですが  個人的には夏が来たな～って感じがします笑   昨年よりはいくぶん、まろやかで旨味を感じた  のですが、これは開栓後少し時間を置くと旨みが  乗ってくるヤツでしょうか?  残りわずかのところをいただけました😋   使っているお米が違うせいか昨年よりだいぶ  お高くなったような気もしますが、今回  さらに美味しくなったような印象で充分  満たされました🤤   追記　飲んだお店が高かっただけのようですｗ
327,十四代,wajoryoshu,4.5,2023年7月29日,十四代* 吟撰 吟醸酒生詰 山田錦50%  日本酒の世界に芳醇旨口というポジションを確立したこの蔵の中でも、おそらく最も辛の強いラベルで夏仕様と思われる”吟撰 ”を今年も首尾よく入手
328,十四代,ふふ,5,2023年7月29日,十四代EXTRA大吟醸  大吟醸用酒米「雪女神」を100％使用  3つの中では比較的さっぱり  甘み控えめ  コスパ△   十四代吟選  夏季限定涼吟醸酒  これ甘くて意外と美味しい
330,十四代,たけ,4.5,2023年7月21日,十四代　純米吟醸　酒未来  ああ、やっぱり旨いよなぁ😋  時々、角打ちで十四代は飲むけど、  これは好きですねー  味が梨汁を搾った様な味でね、  梨好きとしてはたまらんのですよ😋
332,十四代,ふふ,5,2023年7月19日,十四代純米吟醸龍の落とし子  安定の純米吟醸  なみなみとつがれ  1合￥1200-とかありえへん価格設定  水曜、金曜、ランダム十四代な日  角打ちは短時間で2合とか飲むと酔う  あまり酒強くないので1合飲んでサクッと帰ろ   激安の上に、あて他美味い  レバー煮込み、3点盛り刺身  大繁盛
334,十四代,ろーちゃな,4.5,2023年7月17日,逆に言えば物足りなさを  感じてしまうのは、酒未来好きとして  ハードル上げすぎ⁇   もちろん、凄く美味しいんです
342,十四代,haya,5,2023年7月7日,この唯一無二の芳醇な雰囲気が好き❣️  生酒はトロリとしててより贅沢✨  　  すーさんの梅酒に、北海道のお菓子も😋   #おまけが嬉しい❗  #DATE SEVENと同伴🌌🎶
344,十四代,ふふ,5,2023年7月5日,十四代中取り純米吟醸赤磐雄町  十四代中取り純米吟醸播州愛山   最近十四代が飲めれば良く出かける様になる中  十四代も純米吟醸からがふくよかな  甘みたっぷりで美味しいかと思われる
347,十四代,たけのこ大好き,4.5,2023年6月30日,あと、飲んだ最後に来る辛さが強く感じられる
351,十四代,もら,5,2023年6月26日,包み込むという表現があっている、間違いなく美味しい
356,十四代,矢坂,4,2023年6月19日,日本酒が好きなら定価で買うもの
361,十四代,ろーちゃな,4.5,2023年6月17日,旨みたっぷりでジューシーかつスッキリに  フィニッシュする十四代の締め方が本当に  好きです
362,十四代,野原ひろしの年齢で係長になれなかった男w,5,2023年6月14日,山田錦と龍の落とし子(≧∀≦)  結論、どちらも甘いのに綺麗で、後味はスッと消えるような美味しいお酒でした
365,十四代,理系男子,5,2023年6月13日,やっぱり美味しい
376,十四代,カイティー,5,2023年6月4日,店主の◯◯さん、いつも美味しいものを  ありがとうございます😊
377-1,十四代,カイティー,5,2023年6月4日,ついに「入手しました
377-2,十四代,カイティー,5,2023年6月4日,いただいてみたところ、  これまでに飲んだ十四代と、香りの華やかさは  まったく変わらず
392,十四代,最後のロッポンギね,,2023年5月14日,日本酒が大好きです♡
393,十四代,☆Shige☆,5,2023年5月13日,兵庫県産 愛山70% 山田錦30%  精米55% 醸造アルコール   ではいただきますε-(´∀｀; )   うんうん😊やっぱ十四代の中で1番好きですね
394,十四代,sid,5,2023年5月11日,)  価格5800円   2週間寝かせたら、苦味が解けてきて、好みになった
399-1,十四代,不沈艦,5,2023年5月7日,十四代　中取り純米　無濾過  　運良く十四代を入手できたので、しばらく保管しておきたい気持ちを抑えて早速開栓
399-2,十四代,不沈艦,5,2023年5月7日,酒屋さんにしっかりと管理していただいた酒を手に入れたら、出来るだけ早くいただくのは、美味しい酒を飲む秘訣の一つのようです
401,十四代,ふふ,5,2023年5月5日,苦みはほとんどなく柔らかな甘みと少量の酸味で  これまた旨い  4合飲みたい気分になりますな…………
403,十四代,ともがゆく,4.5,2023年5月5日,十四代 純米吟醸 播州山田錦  日本酒原価酒蔵にて  コクのある飲み口で  GWに最適なリッチな日本酒ですね  美味いけどやっぱり本丸が1番好きかな
411-1,十四代,泥酔おじさん,5,2023年4月30日,味は、表現力が乏しいので上手く言えませんが、これまで飲んだもの、これから飲むであろうもののなかでも、一番に思い出す、何かこれを指標とするような綺麗な味だと思いました
411-2,十四代,泥酔おじさん,5,2023年4月30日,親が奇食好き（よく言えば美食家）の家庭で育ったため、幼い頃は、親の友人たちが家に集まり、各地の珍味と呼ばれるものや、珍しいお酒が食卓に並ぶことが多く、よく親の目を盗んでそういったものを食べたり飲んだりしていました
411-3,十四代,泥酔おじさん,5,2023年4月30日,それからというもの、少し自信を取り戻し、何かに取り憑かれたかのように、近所の酒屋や日本酒をたくさん揃えているお店に出向いたり、本屋で日本酒に関する本を買い漁ったり、家でも日本酒ばかり飲むようになったり、嫌いだった和食が好きになったり、興味のなかった食器に興味を持つようになったり、これまでなら気付くことのなかったであろう植物や景色の美しさに気付けるようになったり、大袈裟に思われるかもしれませんが、周りからも驚かれるほどたくさんの変化がありました
411-4,十四代,泥酔おじさん,5,2023年4月30日,そんな中たどりついたこのサイトなのですが、これからも美味しいお酒をたくさん知りたいので、このサイトの皆さんの意見を参考にさせて頂きたく登録しました
421-1,十四代,モコモコ,5,2023年4月16日,かなり、美味しいです
421-2,十四代,モコモコ,5,2023年4月16日,面白みに欠けると言うか楽しみが無いと言うか（笑）  贅沢な悩み言うてますわ（笑）  味は美味しいし好きな味です
426,十四代,モコモコ,4.5,2023年4月16日,十四代って美味しいんですけどね
427,十四代,Kazuki Kamanaka,4.5,2023年4月14日,久々に飲みましたが、やっぱり美味しい酒ですね
429,十四代,不沈艦,4.8,2023年4月12日,知り合いが「本丸が最も十四代らしい味わいの十四代」と言っていたのが良くわかる抜群に美味しい酒でした
433,十四代,wajoryoshu,5,2023年3月30日,最近のこの銘柄の裏書には「鑑評会BY１本目の大吟醸槽垂れ酒」とあるが、ただでさえ購入困難を極める酒なのに蔵出し早々に入手することはほぼ不可能に近いので、生酒ならではのフレッシュ感を味わうには選ばれた飲み屋で饗されるしかないのだろう
434,十四代,ふふ,5,2023年3月29日,十四代 角新 純米吟醸槽垂れ(ふなだれ)生酒 山田錦   本丸玉返しより更にお米の甘み旨み  感じとれるフレッシュ新酒   いつ飲んでも美味しい十四代  3杯頂きました
435,十四代,理系男子,5,2023年3月27日,とにかく美味しい、日本酒の至高がここにあり
440,十四代,eiji,5,2023年3月25日,やはり十四代は、美味しい
444,十四代,totehi,5,2023年3月21日,ってぐらい美味しい   栓を開けた時から香る甘く上品な酒の香り  口に含むと広がる香り、甘みと旨み、そしてガス感  クォリティが高すぎる  こんな美味しいお酒作って頂いてありがとうございます
445,十四代,モコモコ,4.5,2023年3月21日,3日目以降から昨日まで、かなり甘いから普通に甘いに代わり美味しいです
446-1,十四代,キンクマ,4,2023年3月19日,とても美味しいです
446-2,十四代,キンクマ,4,2023年3月19日,令和の今、十四代を飲める機会が少なくても、似た傾向の美味しいお酒は気軽に手に入るように思いました
452,十四代,ogr,5,2023年3月17日,まあ美味しいですよ
457,十四代,不沈艦,3.9,2023年3月14日,十四代　純米大吟醸　播州愛山  　大好きな十四代、しかもこちらも大好きな愛山
458-1,十四代,不沈艦,3.7,2023年3月13日,十四代　純米大吟醸　龍のおとし子  　久々に大好きな十四代の龍のおとし子をいただきました
458-2,十四代,不沈艦,3.7,2023年3月13日,ただ残念ながら感想は今一（価格と期待値からすれば今ニ、三）
458-3,十四代,不沈艦,3.7,2023年3月13日,冷やしが甘かったのが災いしたのか、体調が悪かったのか、口当たりがモワッとしてアル感が強く、口万の後に飲んだこともあり、甘旨味もやや薄めに感じました
462,十四代,wajoryoshu,4.5,2023年3月12日,今回は角新山田錦だったが、まあ普通に最高に旨い
465,十四代,yuki,5,2023年3月10日,十四代　播州山田錦　角新   口当たりも良く、後味も最高に美味しく、今年飲んだ中で一番美味い
466-1,十四代,カイティー,5,2023年3月8日,やっぱり旨い
466-2,十四代,カイティー,5,2023年3月8日,なぜこんなに旨いのか
470-1,十四代,Dalmatian,4.5,2023年3月2日,十四代 角新純米 無濾過 中取り 生酒   大阪で飲んだ山形のお酒
470-2,十四代,Dalmatian,4.5,2023年3月2日,聞いてたとおりめっちゃ美味しい
470-3,十四代,Dalmatian,4.5,2023年3月2日,澄んでるし、旨いし、深いし
471,十四代,kose,5,2023年2月26日,十四代　角新純米吟醸  久しぶりの十四代でしたが、やっぱり美味しいですね〜  いくらでも飲めちゃいそうですが、少しづつ飲みます〜
482-1,十四代,すけひろ,5,2023年2月12日,店で七垂、角新本丸を最近飲んだけどそのどれよりも美味い
482-2,十四代,すけひろ,5,2023年2月12日,こんな美味しい日本酒を飲めて幸せです
502,十四代,たぬきち,5,2023年1月28日,十四代　角新本丸　生酒　秘伝玉返し   2021.12@宅     美味しい
514,十四代,KC500,5,2023年1月19日,以前同じのを飲んだ時と違い、香りは而今より甘いフルーツを想起するもの
515,十四代,dotdash,4.5,2023年1月18日,旨い
518,十四代,たぬきち,5,2023年1月18日,大好き
519,十四代,Takashi Rikukawa,5,2023年1月17日,微発泡感  美味しい一杯でした
520,十四代,naturalvibes,5,2023年1月17日,似たような日本酒ももちろんとても美味しいですが、やはりオリジナルは唯一無二なんだな〜と改めて思いました
521,十四代,スロバンカー,5,2023年1月15日,前回、池田で飲んだ十四代　秘蔵酒に比べてこちらは甘さは控えめで普通ぐらい
526-1,十四代,スロバンカー,5,2023年1月5日,恐らく日本酒日本酒したのが好きな人はそこまで評価は高くない
526-2,十四代,スロバンカー,5,2023年1月5日,自分の中ではコスパを除くと最高クラスのお酒でした^_^
532,十四代,HM,5,2023年1月3日,酸味はほどほどに嫌らしさを全く感じない甘味がとても好きな味わいです
549,十四代,縦の皮,4.4,2022年12月30日,せっかくだし４合だと足りないから一升瓶かな、でも龍月は一昨年飲んだし、消費ポイント考えたら七垂一升もいいかな
552,十四代,不沈艦,4.7,2022年12月28日,やや強目の苦味を感じる後味が少しだけ気になりますが、「十四代らしい」味わいのとても美味しい酒だと思います
553,十四代,haya,5,2022年12月28日,職場の日本酒好きメンバーで忘年会
555-1,十四代,たけ,4.5,2022年12月28日,のガス  こりゃ美味いわけだ😋   しかし、評価するとなると
555-2,十四代,たけ,4.5,2022年12月28日,確かに良いお酒で本当は5.0の評価に  したかったですけど、他の十四代でも  近い味ありますよね
560,十四代,kasumi_♂,4,2022年12月25日,口開けから少し経っているようで  香りは控えめでしたが  甘すぎず円やかな旨味で  とても美味しいお酒でした
563-1,十四代,wajoryoshu,5,2022年12月23日,やはり別格に旨い
563-2,十四代,wajoryoshu,5,2022年12月23日,何か料理と合わせようなんて邪心が起きないほど旨い
563-3,十四代,wajoryoshu,5,2022年12月23日,最近ちょっとバランス酒寄りになってきた自分を忘れるほど、この極上甘旨酒は旨い
565-1,十四代,takanobu,5,2022年12月20日,これだけ美味しい日本酒はないですね
565-2,十四代,takanobu,5,2022年12月20日,十四代大好きです❤️
570,十四代,Tarou Bushimata,5,2022年12月10日,万虹から十四代経ちしていたのも関係するのか　  今年の龍月はここ数年の中でトップではないかと、  味に関してはもはや　旨い
573,十四代,エイサー,4.5,2022年11月26日,旨い酒にはかわりないです✨
579-1,十四代,なり,4.5,2022年11月17日,似た系統のお酒で旨い酒は  沢山あると思います
579-2,十四代,なり,4.5,2022年11月17日,案の定お互い嫁には怒られましたが  旨い日本酒と人に改めて感謝
595,十四代,kasumi_♂,4,2022年10月19日,もう説明不要の  とても美味しいお酒でした
599,十四代,わふ,4.5,2022年10月8日,それでも美味いけど、地元の十四代はコスパよくないし
601,十四代,Hiro,5,2022年10月8日,これまで飲んだ中でも最上位に美味しさが分かりやすく、呑み場を盛り上げてくれるお酒です
614,十四代,KC500,5,2022年9月24日,いやあ、まあ当たり前だけど、美味いわなあ、旨いわなあ…
618,十四代,sid,5,2022年9月19日,こちらもめちゃめちゃ旨い日本酒
621,十四代,たけ,5,2022年9月19日,洋梨の様な甘味、こりゃ好きだわ😋   もちろん他の蔵も頑張っているけど、  この味はなかなか出せないでしょう
626,十四代,ともがゆく,5,2022年9月17日,十四代 本丸  とんでもない飲み会に  誘われちゃったゾ  前々からやべー居酒屋と  聞いていた店についに訪れました  やっぱり本丸は値段に味わいに  とても美味しいお酒ですね  ちなみにこれが開幕のお酒です
627,十四代,tanron,4,2022年9月15日,旨いもんです
634-1,十四代,mshogo,4.5,2022年9月9日,中どり　特別純米　飲んだことのない十四代だ!と思い喜んで飲んだら、以前も飲んでました
634-2,十四代,mshogo,4.5,2022年9月9日,しかしながら、やはり美味しいです
639,十四代,芝田 陽平,4,2022年9月3日,ここまで色んな酒に出会い投稿してきましたが、評価最高峰の酒を最後に、これでラスト投稿(^^)  これからは、ひっそりと投稿内容を楽しみながら  新たな日本酒道を楽しみたいと思います(^.^)  皆様、今までありがとうございました
641,十四代,gigadeth,5,2022年9月3日,2022/5/28 十四代　大吟醸　龍の落とし子  備忘録  龍はあっさりしてて大好き
642,十四代,理系男子,5,2022年8月29日,飲んだ後に山田錦の甘みが際立ち口の中いっぱいに広がる
643,十四代,理系男子,5,2022年8月29日,とにかく美味しい
645,十四代,Kuri,4.5,2022年8月28日,十四代 本丸 秘伝玉返し   イベントに出店されていたお店で飲みました  十四代はまだあまり日本酒を知らない頃に飲んだ記憶が…  あのときもただただ旨いなあと思っていましたがやはり今回も旨かったです   これは確かに皆が好きな味ですね  爽やかで飲みやすいです  米の旨味や甘味が繊細に混ざりあって美味しい  りんご系の甘みがふわっと広がりました  文句なしですね〜
647,十四代,ドリームハート,4,2022年8月25日,なるべく美味しいうちにって思ってましたが３ヵ月以上寝かせてしまいました
655-1,十四代,ギャンディー,4,2022年8月14日,十四代　純米吟醸　龍の落とし子   今まで飲んだ十四代の中では、華やかさが抑えられていると思った
655-2,十四代,ギャンディー,4,2022年8月14日,ほんのりした甘味と軽い飲み口で、いい意味で飲んだ気がしない不思議な印象を持った
655-3,十四代,ギャンディー,4,2022年8月14日,上品で確かに美味しいのだけれど、プレミア価格に相応しい感動があるかどうかは個人差が出ると思う
658,十四代,akim,4.5,2022年8月11日,まあ美味しいですね
661,十四代,nao,5,2022年8月7日,十四代 純大 酒未来   含むと柔らかい口当たりからのマスカットの香り  香りと甘旨味がふわっと広がりながら鼻に少し抜けるガス感  そのあと苦味でキュッと引き締めて香りが心地よい余韻  1口含むとああーうまーーーって身体から力が抜ける美味しさ   純吟酒未来は何度か飲んだけど純大酒未来の宅飲みはお初♪  常温になってもバランス全然崩れないし、なんかイケナイモノでも入ってんじゃないかってぐらいw  保護袋に高木酒造のロゴ入っててカッコよすぎ‼︎   今日は誕生日パーティーで振る舞い酒はコチラ  義父と2人で半分飲んじゃいましたw  今年も良い年になりそうです(*´∀｀*)  家帰ってからも1人で飲んじゃうぐらいコレ1本で今日は大満足でした‼︎   若手3蔵の酒未来はまだ飲めてませんが、やはり他の蔵の酒未来とは別格ですね  辰五郎さんありがとうございます
666,十四代,kasumi_♂,4,2022年7月31日,手頃な価格から高品質なお酒を〜を  コンセプトに造られていますが  手頃な価格では飲めないのが残念な  とても美味しいお酒でした
669,十四代,たいき,4.5,2022年7月21日,色々と飲んできて久々に飲んだところ、「キレイさを兼ね備えた醇酒だなぁ」と思いました
673,十四代,waiwaita,4.5,2022年7月18日,十四代 双虹  兵庫県特A地区産山田錦100% 醸造アルコール 精米歩合35%  めちゃくちゃ旨い‼︎…んだが純米大吟醸の龍月と飲み比べてしまうとやはり甘さが少しネットリ感じてしまう
674,十四代,waiwaita,5,2022年7月18日,十四代 龍月  兵庫県特A地区産山田錦100% 精米歩合35%  とにかく旨い‼︎しかも山田錦だからかな、スッキリしててすごく洗練されている
683,十四代,不沈艦,5,2022年7月10日,私は定価でしか買わないので十四代を買える機会には中々恵まれない分、外でいただくより美味しい気がしました
686,十四代,wajoryoshu,5,2022年7月8日,十四代らしいムンムンと芳しい旨酒もいいけど、最近はこれくらいバランスのとれた酒も好きなので夏酒吟撰かなりの高評価
692,十四代,Cutie Dog,5,2022年6月28日,備忘録(2022年6月(5月購入))　十四代　中取り純米吟醸(赤磐雄町)　生詰   【赤磐雄町　飲み比べ】  　十四代(中取り純米吟醸　生詰)　VS　鍋島(純米吟醸　火入れ)   　特定名称：純米吟醸  　酒米：赤磐雄町  　精米歩合：50%  　ここまで条件の揃った飲み比べは、なかなか出来ないので楽しみですねぇ・・・   　香り・甘味・旨味のバランスが最高ですねぇ😆  　雑味が無くて飲みやすいなぁ・・・  　同じ赤磐雄町でも作り手(蔵)によって結構違いがあるんだなぁ  　当然だけど・・・😅   【評価】  　冷酒　　　：5.0  　ひや(常温)：4.8  　燗　　　　：－   原材料：米(国産)　米麹(国産米)  原料米：岡山県赤磐産雄町(80%)  精米歩合：50%  アルコール分：15度
693,十四代,すーさん,5,2022年6月27日,そんで初期のレビュー見たらもう料理の盛り付けがお目汚しレベル😂我ながら成長したなぁ(自画自賛おつ笑)   最近蒸溜酒に浮気しつつありますが、休みの日はやっぱり好きな料理と日本酒飲みたくなりますね🍶  ハイボールとかビールとかさっぱりするのも良いですけど、やっぱり料理の旨味を引き出すという点ではやっぱり日本酒が最高‼️単体でももちろん美味いですが、やっぱり日本酒の本来の楽しみ方って食事と一緒に飲む事だと思うんですよね
694,十四代,tanron,4,2022年6月26日,そっちは旨いが予想つくから🤗
699,十四代,kasumi_♂,4,2022年6月19日,奥行きのある旨味にスッキリした口当たりで  さすが十四代、とても美味しいお酒でした
700,十四代,Cutie Dog,5,2022年6月18日,備忘録(2022年6月(5月購入))　十四代　吟醸酒(国産米)　生詰   【評価】  　冷酒　　　：5.0  　ひや(常温)：5.0  　燗　　　　：5.0   華やかな香りがあり飲んだ直後は甘味が押し寄せてくるがスーっと引いていき、メチャクチャ飲み易い😋   原材料：米・米麹・醸造アルコール  原料米：国産米(100%)  精米歩合：50%  アルコール分：15度
708,十四代,たけのこ大好き,5,2022年6月12日,高木酒造 十四代 中取り大吟醸 播州山田錦  過去に飲んだものの記録用
736,十四代,ギャンディー,5,2022年5月20日,ネームバリューが高すぎて、客観的な評価が難しいところ
747,十四代,ヨハネさん,5,2022年5月3日,十四代はやっぱり旨い
749,十四代,gigadeth,5,2022年5月1日,流石は王者、それでも十分美味しい
753,十四代,dailson20,5,2022年4月29日,十四代　中取り純米吟醸　播州山田錦   こ、これは旨い...
755,十四代,モコモコ,5,2022年4月29日,2年前は酒未来純米大吟醸が  1番美味しかったので  十四代で1番好きな酒米は酒未来
756,十四代,モコモコ,5,2022年4月29日,龍の落とし子の純米大吟醸よりは  愛山の純米吟醸の方が美味しい
757,十四代,モコモコ,4.5,2022年4月29日,美味しいがもうちょい
758,十四代,さだこ,5,2022年4月25日,普段は低精米の純米酒が好きでそればっかり飲んでるので、  たまにはこんなんもええなと
762-1,十四代,KC500,5,2022年4月23日,この前飲んだばっか、インプレッションが変わる訳ない
762-2,十四代,KC500,5,2022年4月23日,普通に、普通の価格で買える様に
763,十四代,KC500,5,2022年4月23日,しかしもうちょっと普通に、普通の価格で買える様にならんのか
764,十四代,JIN,3.5,2022年4月22日,料理も美味しいし日本酒の品揃えも凄い
766,十四代,おさけぬーぶ,4.5,2022年4月17日,十四代 純米吟醸 播州山田錦  山田錦らしい甘さがやんわりきてしっかりキレて美味しい
771,十四代,gigadeth,5,2022年4月12日,十四代　中取り大吟醸　播州山田錦　生酒  あけてから結構時間が経っているようで、生酒のフレッシュさは失われているものの、まろやかでとても美味しい
772,十四代,gigadeth,5,2022年4月12日,十四代　中取り純米　無濾過　生酒  まぁ文句なく美味しい
776-1,十四代,KC500,5,2022年4月9日,以前もこの串焼き居酒屋で飲んだ
776-2,十四代,KC500,5,2022年4月9日,前に飲んだ而今がちょっと霞む
781,十四代,まなてぃ,5,2022年4月4日,でした( ´͈ ᗨ `͈ )◞♡⃛   純米吟醸は純米大吟醸に比べると若干甘味が強い印象でしたが、これはこれですごく美味しい
783,十四代,不沈艦,4.7,2022年4月2日,とても美味しい酒だと思います
784,十四代,カニ,5,2022年3月30日,うっそ～  ・香り、酸味、甘さバランスよくて、旨いとしか言いようがない
787,十四代,へんじがない、ただのびぼうろくのようだ…,4,2022年3月23日,角新のフレッシュさが重く、重ならない杯、と斜め上のコスパを発揮するも一周まわってやっぱり旨かった、という
788-1,十四代,ナナメ,5,2022年3月21日,入手できる機会も少ないですし  公式サイトもないため商品構成  とかよく知りません
788-2,十四代,ナナメ,5,2022年3月21日,...................................................................   アルコール：16度  原料米：山形県産龍の落とし子80%  精米歩合：35%  酵母：非公開  日本酒度：非公開  酸度：非公開  アミノ酸度：非公開  蔵元：高木酒造  都道府県：山形県   ...................................................................   ★★★★★ とても美味しい＋他にない個性  ★★★★     とても美味しい  ★★★         美味しい  ★★             ふつう  ★                 好みではない
789,十四代,ゆぽ,3,2022年3月21日,甘みの中にも少しのキレがありとても飲みやすく美味しいお酒
790,十四代,バスキチ,4,2022年3月20日,流石レジェンドやっぱり旨くてコスパも最高❗️  ホント呑みたい時に手に入るようになるといいですよね〜❗️😁😁😁
792,十四代,range,4.5,2022年3月19日,十四代 純米大吟醸　  個人的に買ったお酒をレビューするようにしていたので、この蔵のお酒はなかなか飲むことが出来なく、こりゃいつまで経っても買える＝飲めるわけないよなあと思い山形県内の飲食店で頂きました
795-1,十四代,KEN,4.5,2022年3月13日,十四代 本丸 秘伝玉返し 特別本醸造  精米歩合 55% アルコール分15度  今年のお正月はコロナ化の影響で2年連続  実家での新年の集まりは無くなり年末に本丸を頂き１合ずつありがたく呑み今晩でラスト  冷酒で良し冷やで良しぬる燗で良し  口に含むと少し酸がたち芳醇旨口な香りがあと追い喉を通る頃にはスパット切れる どんな和食料理とも相性がよく、入手困難な他の十四代も呑みたくなります
795-2,十四代,KEN,4.5,2022年3月13日,美味しいですね
797,十四代,フルやん,5,2022年3月7日,長崎県産ハチビキはしっかりと内臓脂肪を蓄えてていました〜隠れ肥満やね🐵  負ける気がしねぇ❗️   旨いです
798-1,十四代,masatosake,5,2022年3月6日,口当たりはフレッシュでフルーティーな甘さに味わいしっかり濃くて旨いです
798-2,十四代,masatosake,5,2022年3月6日,今回は十四代を飲んだことがないという友人に初体験してもらうべく牡蠣をアテに品川近くの居酒屋さんで頂き、友人も大絶賛でした
800,十四代,オレンジ12,4,2022年3月4日,ただ、日本酒ファンには自慢出来たのでそこは美味しいっすねぇ～wwwww    消費期限が３ヶ月らしいのでお早めに転売してくださいな
803-1,十四代,かず太郎の旦那,4,2022年2月26日,十四代　おりからみ　荒走り　生酒   1.8ℓ 価格不明   父からお裾分けで頂きました
803-2,十四代,かず太郎の旦那,4,2022年2月26日,正直、初めて十四代飲んだときの感動はありませんでした
803-3,十四代,かず太郎の旦那,4,2022年2月26日,手に入れやすくて美味しいお酒は、他にもいっぱいありますもんね☆
804,十四代,☆Shige☆,5,2022年2月23日,もう言わずもがな‼️旨いです
805,十四代,すぎちゃんの冒険,4,2022年2月20日,"十四代の自宅飲みも、開栓直後というのも多分お初のはず  ---  ▽さすがのまろやか、柔らか、優しさ、フルーツ感、クリーミー感、一体感などなど  ▽ああだこうだコメントするのも野暮なので控えたとしても、やはり本醸造の価格帯1升2,400円とかで飲む限り、これは異次元  ▽このぱぁーっと拡がる軽やかさ、若々しさ、素直さと人生"
806,十四代,mint,5,2022年2月13日,私はジューシーなお酒も大好きです♪  でも十四代は間違いなくこれぞ本物の日本酒の主流  酒器は高木酒造地元の村山市楯岡焼で風情良く♡
808-1,十四代,すけひろ,4.5,2022年2月12日,大吟醸、エクストラ、本丸は飲んだこと有り、期待値が高すぎたせいか、今までほどの感動は無し
808-2,十四代,すけひろ,4.5,2022年2月12日,確かに美味しいが飲んだことあるようなフルーティー
808-3,十四代,すけひろ,4.5,2022年2月12日,十分美味しいんですが
809-1,十四代,nao,5,2022年2月11日,十四代 おりからみ荒走り 生酒   こちらは「おりがらみ」ではなく「おりからみ」  違いはよく分からないですが滓はかなーりうっすら  そして14では珍しい透明瓶で唯一の滓有りの酒  前々からチャンスがーっと思ってたら出会えました♪   香りは甘いパインがうっすら  含むとリンゴのような甘い香りと若干とろみのある口当たりで14特有の甘旨味がふわわわーっとしながら酸味で鼻奥を突かれる  濃厚な甘味だけど後半苦味がぎゅわーんときてキレる  相変わらず唯一無二の甘味とキレで美味しいー♪    初日で調子乗って半分飲んでしまい、その後は少しずつ大事に飲んで今日で5日目
809-2,十四代,nao,5,2022年2月11日,全然変わらず美味しくて止まらんです(´∀｀*)ｼｱﾜｾ  開栓時に上積み飲みましたが味忘れました…  投稿も忘れてました…    今日の晩酌は昨日と同じ酒とおでん  晩酌用にあと2日分おでんあるのに汁が残りわずか…  出汁好きなので酒と汁だけで済んじゃう♪
821-1,十四代,たけ,4,2022年1月28日,味はもちろん美味しいですよ
821-2,十四代,たけ,4,2022年1月28日,むしろ、昨年も飲んだ寒菊39とかの方が、  衝撃は強いんですよね〜  好みなんだろうけど
822-1,十四代,mshogo,4.5,2022年1月26日,角新純米　生酒　十四代はどれも美味しいので、十四代同士で比べてしまいます
822-2,十四代,mshogo,4.5,2022年1月26日,絶妙な甘味と旨味で美味しいです
823,十四代,不沈艦,4.6,2022年1月24日,やや甘味が重いので綺麗にきれる感じではありませんが、甘旨好きにはいい余韻となっています
827,十四代,たけ,4.5,2022年1月18日,十四代も飲み慣れてくると、ずば抜けた旨さ  というよりもふつ〜に美味しいと感じる
831-1,十四代,たけ,4,2022年1月11日,もちろん美味しい事には変わりないのです
831-2,十四代,たけ,4,2022年1月11日,毎日は飲めませんね、金額的な事もありますが、  どんなに美味しいお酒でも毎日だと飽きちゃいます
833,十四代,swallow-swallow,5,2022年1月9日,十四代　中取り純米吟醸　播州山田錦　1800ml   税込価格:4907円   ついに手に入れた十四代
837,十四代,nao,5,2022年1月6日,十四代 本丸 生詰   フルーティで程よい甘旨味  後半はスッキリキレるので次々に杯が進む  何度飲んでも安定して美味しいお酒(´∀｀*)   友人に正月に開けた本丸角新の残酒処理しよーっと誘ったら  生詰も開いてるから飲み比べしよーっと  安いお酒だけど贅沢な飲み比べ( ´ω`っ  )3  正月気分の延長戦です♪   やっぱ角新は甘ったるい…  生詰のほうがバランス良くて好きです(*´∀｀*)  とは言え、両方美味しいのでカパカパ飲んで、気付けば本丸両方とも空になりました♪
852-1,十四代,A.J,5,2022年1月1日,十四代　龍の落とし子   美味しい
852-2,十四代,A.J,5,2022年1月1日,今年も美味しい日本酒に出会えますように
853-1,十四代,アマチュアのんべえ,5,2022年1月1日,さすがに美味しい
853-2,十四代,アマチュアのんべえ,5,2022年1月1日,飲んだことなく、いつか飲めたらいいなあと思ってたので感謝
853-3,十四代,アマチュアのんべえ,5,2022年1月1日,【追記二日目】クセがなく、誰もが｢美味しい｣というシンプルな味わい
853-4,十四代,アマチュアのんべえ,5,2022年1月1日,日本酒が好きという話をしたら正月に前触れなく親戚が好意で持ってきてくれたので有りがたく頂きましたが、もう手に入らないと思うので、これが最後だと思って楽しみたいと思っています
853-5,十四代,アマチュアのんべえ,5,2022年1月1日,【追記三日目】米の大好きな甘みが前面に出て、最後の苦味も出てきた
853-6,十四代,アマチュアのんべえ,5,2022年1月1日,甘さコク出て美味しい
853-7,十四代,アマチュアのんべえ,5,2022年1月1日,【追記十日目】風味落ちるもまだ美味しい
854,十四代,ともがゆく,5,2022年1月1日,十四代 龍の落とし子 大極上生  皆様明けましておめでとうございます  年明け一発目どうしようって  考えていたら最寄りのお店が  入荷したって通知来たので行きました  去年も確か飲んだ記憶がありましたが  これは角新本丸並の旨さですわ…  スッキリとキレのある甘味で  余韻も不快にならない程  気づいたら居なくなる  手品のような後口  ちょっとお高いけど  まぁお正月なので(ﾟ∀ﾟ)   家飲みの一発目ですが  皆様が金杯金杯仰るので  枠番が決まってからレビューを  アップする事にしますので  今年もよろしくお願いいたします
856-1,十四代,waiwaita,4.5,2022年1月1日,十四代 槽垂れ 本生 原酒 純米吟醸酒  精米歩合50%  大晦日一年の締めくくりにいただけました^^  やっぱり旨い‼︎ 旨甘スッキリの絶妙なバランスが唯一無二です
856-2,十四代,waiwaita,4.5,2022年1月1日,来年もたくさんの美味しいお酒が飲めますように
859,十四代,すーさん,5,2021年12月31日,なーんて言っときながら、酒未来好きの私のために取っておいたけど実家帰れなくて開けられなかったんだよね
861,十四代,nao,5,2021年12月31日,しかも昼間w  毎年年末に行く蕎麦屋さんにてランチに頂きました   含めば十四代の芳醇な甘旨味に加えて愛山の酸味が効いてていくらでも飲めちゃう  今年は家でも飲んだけど、やっぱ外だとアテも美味しいから格別ですね(*´∀｀*)  蕎麦の前にアテを6種程頂き、良き年末です   夜もたくさん飲まにゃかんのにもつかなw
864,十四代,田中しば子,4.5,2021年12月30日,誰が飲んでも美味しい日本酒♪
866,十四代,縦の皮,5,2021年12月30日,以前飲んだ中取り大吟醸はあまりピンとこなかったので、十四代のアル添には半信半疑なところがありました
869,十四代,まさ,5,2021年12月30日,昔飲んだ而今の大吟醸　出品酒のような感動がありました
873-1,十四代,Cutie Dog,5,2021年12月28日,"」  一升瓶で、2,530円(税込み)はコスパ最強ですね"
873-2,十四代,Cutie Dog,5,2021年12月28日,常飲したいですが買えないのが玉に瑕(^^;)   【評価】  　冷酒　　　：5.0  　ひや(常温)：5.0  　燗　　　　：5.0   原材料：米・米麹・醸造アルコール  原料米：国産米(100%)  精米歩合：55%  アルコール分：15度
877,十四代,えなちゃん,5,2021年12月27日,十四代 本丸   初めて飲んだ十四代  定価で買えました  安くてこんなに美味けりゃ そりゃ人気でるよね  ネット販売のプレミア価格…あんな値段で買う人がいるのだろうか…
880,十四代,耳氏,5,2021年12月25日,純米中取り、純米吟醸龍の落とし子など飲んだことありますが、なんだかんだコレが一番うまいんじゃないでしょうか
883,十四代,不沈艦,5,2021年12月24日,とても美味しい酒だと思います
891-1,十四代,ダウマン,,2021年12月18日,昨日飲んだお酒   十四代ですね
891-2,十四代,ダウマン,,2021年12月18日,美味しいな
907,十四代,リルハケイゴ,5,2021年11月30日,十四代 酒未来 純米吟醸   本日はこちら♪  先日の十四代（山田錦）の初家飲みに続き、  遂に酒未来を入手できました
914,十四代,ダウマン,,2021年11月25日,２週間前に飲んだお酒シリーズ（よく覚えてない）   これは覚えてる
917,十四代,kanoa,5,2021年11月23日,ここのところ美味しい日本酒をたくさんいただいていたけど、これはちょっと別物だった
918,十四代,ともがゆく,4.5,2021年11月21日,十四代 播州山田錦 大極上生  公園のテラス店にて  物産展で買ったソーセージセット片手に  芳醇な甘さでこんな凄いお酒を  公園のテラスのお店で飲んでいいのかな
920,十四代,kasumi_♂,4,2021年11月18日,今回、口開け早々の一杯をいただけて  普段よりフレッシュで  とても美味しいお酒でした
923,十四代,nao,5,2021年11月15日,十四代 本丸   華やかでフルーティ  芳醇旨口でありながら後半はベタつかずスッキリ  細かいコメントは不要な美味しさですね  毎日の常用酒にしたいです(*´꒳`*)   昨日は仙鳳趾産の牡蠣パーティー  ここの牡蠣はクリーミーで本当に美味しい♪  生牡蠣は1つだけ食べてあとは蒸し牡蠣に  牡蠣を蒸す時に日本酒を半合ほど鍋に入れる  その時にちょうど横にあったのがこの本丸  本丸で蒸し牡蠣にしちゃえってw  出来上がった蒸し牡蠣はいつも以上に美味しい気がしました(o^^o)
925,十四代,ピッギー,5,2021年11月14日,甘旨でピリピリと酸味がきいてて濃厚な味わいなのに後味はスッキリで今まで飲んだことない味わいですね
931,十四代,dya,5,2021年11月13日,十四代 中取り純吟 播州山田錦   文句無しに旨い
933,十四代,たいこ,5,2021年11月13日,入手困難なのもうなずけます
934,十四代,ひろき,5,2021年11月12日,しかも酒未来!!  美味しいですよ、美味しいに決まってる!!  間違いない
941,十四代,さくら,4,2021年11月5日,ってくらいジューシー＆フレッシュ  飲んだ感じは搾りたて生原酒
944,十四代,str,5,2021年11月4日,ただ居酒屋価格で、一合で一升瓶の半額程度でした…
945,十四代,モコモコ,4.5,2021年11月4日,美味しいのは間違いないです
948-1,十四代,しろこさん,5,2021年11月1日,「コレ飲んだら、他のお酒が飲めなくなりますよ〜」とお店の人に言われた、「十四代　極上諸白　純米大吟醸」
948-2,十四代,しろこさん,5,2021年11月1日,「町田酒造が好きです」と言ったら勧めてくれた「花邑　純米吟醸　雄町」を軽く飲んでから
948-3,十四代,しろこさん,5,2021年11月1日,ただ、このお酒を飲んだのはまったく色気も日本酒の知識もほどほどにしか無い、適度にミーハーな３人
948-4,十四代,しろこさん,5,2021年11月1日,お互いの頼んだ「而今」「新政No.６」「田酒」などのレアなお酒をわけわけしながら、きゃっきゃと「これ美味しい〜」「こっちも好きー」「十四代、多めに分けてくださいよ」「アカン」と飲みまくって幸せだった
948-5,十四代,しろこさん,5,2021年11月1日,１人飲みは、じっくり味わいながら飲めるから好き
948-6,十四代,しろこさん,5,2021年11月1日,２人飲みは、しっとりお酒の感想を言いながら飲めるから好き
948-7,十四代,しろこさん,5,2021年11月1日,３人飲みは、どっさ倍の種類が飲めて会話の幅が広がるから好き
954-1,十四代,きんさん,5,2021年10月30日,十四代はあまりにも手に入らなさすぎて、「別に十四代飲めなくたって、ちゃんと買える美味しい酒は沢山あるじゃん」と、あまり十四代をありがたがっていませんでした
954-2,十四代,きんさん,5,2021年10月30日,過去にも別のお店で飲んだことはありましたが、「うまいけど騒ぐほどか
954-3,十四代,きんさん,5,2021年10月30日,で、飲んだのですが…  衝撃的な旨さ
955,十四代,hiko99n,4,2021年10月29日,美味しいに決まってる
957,十四代,HM,5,2021年10月24日,"これが一升2,500円というコスパはどんな日本酒も敵わないのではないでしょうか"
959,十四代,Cutie Dog,5,2021年10月23日,【評価】  　冷酒　　　：5.0  　ひや(常温)：5.0  　燗　　　　：－
966,十四代,仙臺四合,4.5,2021年10月16日,ENCOUNTER SDJ @MBY  やっぱりみんなの評価が高いわけですね♬  香りファーストアタック旨味後味キレバランス  日本酒だけど十四代と言うジャンルですなぁ♬
968-1,十四代,ピアジオ,5,2021年10月16日,居酒屋で飲んだことはありますが、自分で開栓して、日にちの経過を感じながら飲むのは初めて
968-2,十四代,ピアジオ,5,2021年10月16日,一日で一升いけそうな、非常に危ない酒ですね（笑）  世間の評価に違わぬ、最高級の酒を堪能させていただきました
969,十四代,nao,5,2021年10月15日,十四代 播州愛山 純米吟醸中取り   2年振りぐらいの十四代愛山  フルーティな香りで、口に含むとシュワっと穏やかなフレッシュ感  甘味ジュワっときて最後は苦味でバランス良い♪  常温になってもあまり変わらず、ずーっと飽きずに飲めるお酒  これは問答無用で美味しい(*´∀｀*)   昨日は友人の入籍記念で男3人で宅飲み  他にも色んなお酒がある中これだけが減っていくw  新たな門出に十四代は男性陣は喜ぶばかり
978,十四代,Cutie Dog,4.5,2021年10月10日,備忘録(2021年10月(4月購入))　十四代　極上諸白　純米大吟醸　生詰   【評価】  　冷酒　　　：4.5  　ひや(常温)：4.5  　燗　　　　：－   原材料：米(国産)　米麹(国産米)  原料米：国産米(100%)  精米歩合：45%  アルコール分：15度   P.S.  ラベル表記の原料米、以前は愛山と山田錦が併記されていたが詳細な表記なし
983,十四代,masatosake,4.5,2021年10月8日,初めて十四代飲んだときはあまりの旨さに目ン玉飛び出るぐらい感動しましたが、ここ数年美味しいお酒を飲み過ぎたのかも知れません
989,十四代,まさ,5,2021年10月2日,これから日本酒が美味しい季節となります
993,十四代,nao,5,2021年9月25日,そして軽く余韻残して消えていく  んもー説明不要の美味しさ(*´∀｀*)  飲んだ瞬間に、あぁぁぁーーーうまッ‼︎っとw  んもー次から次へとスルスル入っちゃう…   今日はお休み貰って1日中外出してたから疲れてたのに一気に疲れが吹き飛んでしまったw  常温に近づくにつれて丸くなってきて止まらない止まらないw  至福の晩酌タイムです(๑˃̵ᴗ˂̵)  宅飲みで十四代を1升堪能できる幸せ♪   晩酌も終盤で投稿しようと文章書いてたら今更酔いが回ってくる…  危険なお酒だよー( ´ω`っ  )3  特別な日じゃないけど華金で開栓して正解でした
998-1,十四代,Mr. 日本酒好き,5,2021年9月20日,この香りだけでも美味しい
998-2,十四代,Mr. 日本酒好き,5,2021年9月20日,また十四代の一番好きな点が流れるような滑らかさや舌触りなのですが、こちらのお酒はあの舌触りはあまり感じられませんでした
1002,十四代,いつぺいそつ,5,2021年9月11日,The 芳醇旨口.   はじめて飲んだ時は名前も知らなかったな
1009,十四代,バボビ,5,2021年9月6日,4枚目：旨い酒飲み比べセット(十四代、磯自慢、醸し人九平次)  2018年6月14日　東京都東陽町での懇親会の二次会にて
1010,十四代,たけ,4.5,2021年9月1日,とりあえず旨い
1015-1,十四代,ガチ,5,2021年8月26日,」って言ってたくれた愛方さん(*^-゜)vThanks!   我が家に２本目のＪＹＤと言う事もあり、愛方さんが大好きな十四代を開けて乾杯しちゃいました( *´艸｀)    それでは開栓しちゃいましょうd=(^o^)=b   栓を開けると二人してＪＹＤの香り(^_^;)    まずは愛方さんのコメントから(^_-)   え
1015-2,十四代,ガチ,5,2021年8月26日,美味しい
1015-3,十四代,ガチ,5,2021年8月26日,オマチ君と純吟シリーズが控えてますが…   ♪上からマリコ～…  ぢゃなく(((*≧艸≦)ﾌﾟﾌﾟｯ   上から目線ですみませんが…  正直、この子達クラスなら他にも更に旨い
1021,十四代,しるふぁ,4,2021年8月16日,バランスのよい甘口タイプで、定価ならかなりコスパの良いお酒だな〜と改めて思いました
1023-1,十四代,ナナメ,3,2021年8月15日,飲んだら  おっ
1023-2,十四代,ナナメ,3,2021年8月15日,...................................................................   アルコール：14度  原料米：国産米  精米歩合：40%  酵母：非公開  日本酒度：非公開  酸度：非公開  アミノ酸度：非公開  蔵元：高木酒造  都道府県：山形県   ...................................................................   ★★★★★ とても美味しい＋他にない個性  ★★★★     とても美味しい  ★★★         美味しい  ★★             ふつう  ★                 好みではない
1026,十四代,パパパK,4,2021年8月12日,普通に美味しい
1027-1,十四代,kosuke,5,2021年8月9日,かつて日本酒を飲み始めた時に、美味しいお酒として飲んでみて、それから様々な日本酒を飲んできて、地方や蔵元の味と言うのを色々学びつつ、控えめに言ってもとても美味い
1027-2,十四代,kosuke,5,2021年8月9日,初日の方が好き
1032,十四代,エイサー,4.5,2021年8月8日,十四代　超特   個人的には一番美味しい酒だと思います
1036,十四代,HM,4.5,2021年8月1日,独特の甘味はめちゃ好みなのですがコスパを考えると・・・って感じでしょうか
1038-1,十四代,シーザリオ,4.5,2021年8月1日,どちらかというと酒未来のほうが好きかな
1038-2,十四代,シーザリオ,4.5,2021年8月1日,でも美味しい
1042,十四代,シーザリオ,5,2021年7月24日,十四代 中取り純米 無濾過   先日飲んだ酒未来の純米吟醸に比べると  香りの華やかさは少しおとなしいが  その分落ち着いた感じ
1044-1,十四代,スズ生酛,5,2021年7月22日,本丸 秘伝玉返し 特別本醸造   半年ぶりの十四代(ﾟдﾟ)ﾎｩ  ずっと気になってたので、しばらくぶりに連れて帰りました、  噂には聞いてましたが、なるほどとﾌﾑ((¯ω¯*))ﾌﾑ  純米系よりも好きかも
1044-2,十四代,スズ生酛,5,2021年7月22日,半端ないコスパです
1048,十四代,シーザリオ,5,2021年7月17日,美味しい
1062-1,十四代,Jさん,5,2021年7月2日,よく美味しい日本酒をご馳走になってる五所川原市のふくらさんでいただきました
1062-2,十四代,Jさん,5,2021年7月2日,ネットでは適正価格では買えませんし、普通の人はほぼ普通に購入するのは不可能なので、飲食店で見つけたら飲むのが一番いいかと思います
1066,十四代,りおちー,4,2021年6月27日,まずは大好きな十四代で
1067,十四代,月長石,4.5,2021年6月27日,十四代、いつ飲んでもやっぱり美味しいお酒です
1070,十四代,wajoryoshu,5,2021年6月26日,十四代は日本酒を敬遠していた時代にも唯一呑んだ銘柄だけど、そのころはそのスペックなんぞには興味があるわけもなく、ただ旨いから呑むといった本能的欲求によるもの
1076-1,十四代,福井のえりこ,4,2021年6月23日,笑    皆んながこぞって飲む十四代、どんなものかドキドキしてましたが…   たしかに美味しい…
1076-2,十四代,福井のえりこ,4,2021年6月23日,フルーティーすぎるお酒を最近飲みすぎて、ちょっとストレス感じてましたが、これは変なストレスもなく美味しい
1077,十四代,nao,5,2021年6月21日,十四代 本丸   結構お酒入った後に頂きました  信州亀齢の金銀亀飲んだ後なので香りは穏やか  優しく果実感のある香りに本醸造とは思えないキレイなお酒   昨日は吟撰を頂いて芳醇で美味しかったけど、本丸は飲み飽きせずにずーっと飲めます(*´∀｀*)
1079,十四代,まさ,5,2021年6月20日,^_^   ダメダメな父親ですが  こんな美味しいお酒を飲める  家族に感謝です
1080,十四代,陽愛のパパ,5,2021年6月20日,普通に旨いし
1082-1,十四代,不沈艦,5,2021年6月19日,十四代 純米吟醸　酒未来　生詰  　定期的に探索に行く酒屋さんで入手
1082-2,十四代,不沈艦,5,2021年6月19日,同時期に入手した而今と一緒にいただくというなんとも贅沢な機会を得られました
1084,十四代,yasumotor,5,2021年6月16日,今までこんなに香る日本酒飲んだ事無いと言うレベルです
1085,十四代,陽愛のパパ,3,2021年6月15日,昨日より少し評価上がってるんだけど、そこはランキングトップの十四代さん、ハードルは高いぜよ〜
1086-1,十四代,陽愛のパパ,3,2021年6月14日,以前抱き合わせで買えたやつに★1にも満たない評価着けたワタシですから
1086-2,十四代,陽愛のパパ,3,2021年6月14日,んで、あじわいはスッキリあまうまーからの苦味  夏酒って言われてたのがわかるわ〜  濃厚なの好きなワタシとしては…あじわいで★4  コ・ス・パ考えると一個減らさざるをえないかな〜  本丸飲んだことないから偉そうに言えませんが、  この十四代よりコ・ス・パ良くてうまいのはある
1086-3,十四代,陽愛のパパ,3,2021年6月14日,以前、特吟飲んだ感動程の味わいの深さはない
1086-4,十四代,陽愛のパパ,3,2021年6月14日,新政もそうだけど、名前に踊らされてると、高コ・ス・パで旨いものが探せる、日本酒の魅力が半減しちゃうかもですね
1086-5,十四代,陽愛のパパ,3,2021年6月14日,好みの差かもですが、田光とか半蔵&のが旨いかも
1088-1,十四代,eno,5,2021年6月10日,十四代　中取り純米　無濾過生詰  めちゃくちゃ美味しい
1088-2,十四代,eno,5,2021年6月10日,バランスも良いし味も大好きで、どんどん進みました
1091,十四代,ミク助,4,2021年6月2日,希少価値の高いお酒ですが定価で入手できました
1094-1,十四代,☆Shige☆,5,2021年5月29日,わぁ〜コレは贅沢な仕上がりですねぇ(^^)  第一声は旨いしかでてこないです
1094-2,十四代,☆Shige☆,5,2021年5月29日,旨い‼️
1097,十四代,mshogo,4.5,2021年5月25日,十四代は、十四代同士の評価になります
1098,十四代,Jun,5,2021年5月25日,旨いですね〜十四代
1102,十四代,ある,4.5,2021年5月16日,十四代 特吟 純米大吟醸  -円/300㎖  昨年購入したもので価格を失念
1103,十四代,不沈艦,5,2021年5月16日,十四代　純米吟醸　龍の落とし子  甘旨、キレよし、本当に旨い
1104,十四代,不沈艦,4.7,2021年5月16日,十四代　純米吟醸　おりがらみ　あらばしり　生酒  甘旨キレ良しのとても美味しい酒です
1105,十四代,☆Shige☆,5,2021年5月16日,いつもの十四代と違うなぁと感じつつも旨いしか出てこないですね
1106,十四代,masatosake,5,2021年5月15日,上立香メロンの様な上品でフレッシュな香り、口当たりドロッとした濃厚で味わい豊かな感じ、僅かに感じる酸味、ちょうどいい甘み味わい後味も良くすごく美味しい安定の十四代
1107,十四代,ともがゆく,4.5,2021年5月14日,スッキリ旨口で自分の大好きな本丸同様  これはずっと飲んでいたいと思えるやっぱり  日本酒の頂点に立つ酒としてふさわしい一本
1108,十四代,masatosake,5,2021年5月12日,十四代　中とり純米　生詰無濾過　自分が知ってる日本酒の中で、ほぼ1番に近いぐらいに香り、味わい、酸味のバランスが素晴らしい、すごく美味しい
1110,十四代,masatosake,5,2021年5月9日,さすが十四代美味しいです
1111,十四代,まばたき達磨,5,2021年5月8日,旨いに尽きる(^^)
1112,十四代,kazu,5,2021年5月8日,甘味からのふんわり消えるような切れ、旨いな☺️
1115,十四代,masatosake,4.5,2021年5月5日,香りは穏やかで口当り上品な甘みにちょうどいい酸味ですごく美味しい、でも個人的には後味の甘みが強く感じるかな
1116,十四代,たいき,4,2021年5月4日,十四代　中取り　純米吟醸　播州山田錦   美味しいの一言   お店で飲んでみました(なかなか購入できないので)  また飲みたい   スペック  精米歩合：50%  原料米：播州山田錦  使用酵母：山形酵母  度数：16度  日本酒度：⁺2  酸度：1.3   高木酒造(山形県村山市大字富並)
1120,十四代,mshogo,4.5,2021年5月2日,十四代は、十四代同士の評価になってしまいますが、毎回美味しく頂いてます
1121,十四代,パパパK,4,2021年5月2日,やはり美味しい
1122-1,十四代,さん,4,2021年5月2日,そんなところは本醸造  　しかし　美味しい   　そして　これが　一升瓶で2000円、、  　味、旨味と価格とのバランスが素晴らしい
1122-2,十四代,さん,4,2021年5月2日,手頃な価格で高品質な日本酒という  コンセプトから生まれた清らかな  果実味のする十四代代表酒   まさに意図から出来上がり  100点なお酒だと思います
1124-1,十四代,Cutie Dog,5,2021年4月29日,)  　ひや(常温)：ほぼ変化なし  　燗　　　　：－   【味わい】  　冷酒　　　：口に含むと甘みが広がり、程よい  　　　　　　　酸味でスーッと切れる  　ひや(常温)：甘みが前面に出てきて酸味は、  　　　　　　　ほぼ感じない  　燗　　　　：－   【評価】  　冷酒　　　：5.0  　ひや(常温)：4.0  　燗　　　　：－   　冷酒がお勧め
1124-2,十四代,Cutie Dog,5,2021年4月29日,(甘口好きなら、ひやでも)  　※ダブルウォールグラスが◎   【感想】  　一口飲むとフルーティーな甘みが広がるが、  　くどくはなく程よい酸味で甘みがスーッっと  　引いていく  　ひやは甘みが増してきて、超プレミアムな  　『桃の天然水』を飲んでいるような感じ(^^)  　甘口が苦手な人は甘ったるいと感じるかも  　私は甘口を苦としないので気になりませんが  　・・・(^^;)   　リミッターを設定しないと飲みすぎちゃう  　こと確定   　健康で十四代を飲めることに、感謝・感謝(^^)v   P.S.  特別なお酒を入手できたのでコメを書き込みました   原材料：米(国産)　米麹(国産米)  原料米：山形県産酒未来(80%)  精米歩合：40%  アルコール分：15度
1125-1,十四代,すーさん,5,2021年4月27日,全すぅさんが悦びます（笑）   本日のお酒はこちら、またまた十四代の純米（笑）しかも、年末に飲んだやつと同じ年のやつ
1125-2,十四代,すーさん,5,2021年4月27日,年末飲んだやつより柔らかくてめっちゃ滑らか
1125-3,十四代,すーさん,5,2021年4月27日,やっぱり、十四代も写楽と一緒で純米が至高なのか⁉︎  なーんて、そんな飲んだ事ないんですけどね（笑）   本日のアテ  炙り銀鮭の激辛ユッケ丼  大根のつまと豆苗のサラダピエトロドレッシング  牛ハラミステーキ  里芋と竹の子の煮物   以上にて
1127,十四代,hiko99n,4,2021年4月24日,実に入手しづらくなったものです
1128,十四代,ともがゆく,4.5,2021年4月24日,十四代 角新本丸 秘伝玉返し  東京都では明日から当分外でお酒を呑めないと言うことで  飲み納めしてきました  やっぱり十四代は美味しいですねぇ  一人飲みの客はOKみたいな柔軟な対応を  してもらいたいんですがやっぱり無理でしょうね
1129,十四代,かぶかぶ,4,2021年4月23日,こちらの山田錦諸白は、追憶の愛山諸白とはガラリと印象が違いますが、切れがハンパないのでこれはこれで旨い(’-’*)♪
1131,十四代,kasumi_♂,4,2021年4月22日,さすが十四代、とても美味しいお酒でした
1132,十四代,sagi,3.5,2021年4月20日,十四代 角新純米 生酒   癖の無い甘旨 今さら説明のいらない酒  スペック、価格考えても文句のつけようが無い!   が、贅沢過ぎる味故に、たまに一人で１合で十分な味w
1133,十四代,フルやん,5,2021年4月19日,旨いです
1135,十四代,アン日本酒初心者,5,2021年4月18日,本丸しか、十四代はしっかり飲んだことがなかったので、私の思っていた十四代の感じより、少し甘さが弱く、フレッシュ感が強く感じられ、大変おいしく感じた
1146-1,十四代,酔楽,4.5,2021年4月13日,時々呑みたいお酒ですが、色々と呑んだことのない美味しいお酒が目白押しなので、１年に１回ペースで楽しんでいます
1146-2,十四代,酔楽,4.5,2021年4月13日,マスクメロンのような柔らかく品の良い甘旨と寄り添う酸味が美味しいです
1146-3,十四代,酔楽,4.5,2021年4月13日,"こんな美味しいお酒が１升瓶３,０００円代前半の価格で購入できるので、いつもながら良心的な酒屋さんに感謝しています"
1150,十四代,モコモコ,5,2021年3月29日,おかわりしたかった（笑）  大好きな味です
1154,十四代,くるみもち,4,2021年3月27日,上位のものではないし、開栓済みなのもあるし、既に酔っていたのもあると思うが、美味しいけど、まあ期待が高過ぎて、まあうんってなった
1155-1,十四代,いなりずし.com,5,2021年3月27日,"十四代　角新　中取り純米  価格　1800ml　3,410円（税込）   久々の十四代、しかも本丸でなく中取り純米"
1155-2,十四代,いなりずし.com,5,2021年3月27日,十四代だからって容赦なく評価してやるぜ
1155-3,十四代,いなりずし.com,5,2021年3月27日,こんなに旨い酒を造ってくれてありがとう
1167,十四代,イツロー,5,2021年3月8日,初めて飲んだ十四代
1168,十四代,たけ,4.5,2021年3月7日,言わずもがな旨いのは当たり前
1174,十四代,agakana,5,2021年2月28日,美味しい
1177,十四代,ある,5,2021年2月27日,価格も少し上がっていますね
1183,十四代,ドリームハート,4.5,2021年2月24日,安くて美味しい酒が一番
1187-1,十四代,katachiim,,2021年2月18日,私は十四代が日本で1番美味しい日本酒だと思っています
1187-2,十四代,katachiim,,2021年2月18日,ただ全ての十四代がどの日本酒よりも美味しいとは思っていません
1187-3,十四代,katachiim,,2021年2月18日,笑   たしか花陽浴を飲んだ時にも言った気がしますが、どんな人気酒でも、どれで入るかがめちゃくちゃ重要
1187-4,十四代,katachiim,,2021年2月18日,笑   十四代の生酒ってたぶん飲んだことがない
1187-5,十四代,katachiim,,2021年2月18日,生酒もめちゃくちゃ美味しいですけど
1187-6,十四代,katachiim,,2021年2月18日,笑   私はお酒が本当に好きです
1187-7,十四代,katachiim,,2021年2月18日,だから飲んだことがない人にも飲んで欲しい
1193,十四代,nao,4.5,2021年2月14日,十四代　角新本丸　生酒   香りは穏やか  アタックに甘旨味がくるけど苦酸で全くダレない  ダラダラと永遠に飲めちゃうやつで美味しい   違う本丸が2本冷蔵庫に入ったので、角新と火入れを記念撮影w
1195-1,十四代,Mr. 日本酒好き,5,2021年2月14日,先日紹介した喜久酔と高砂を買った時に手に入れた十四代です
1195-2,十四代,Mr. 日本酒好き,5,2021年2月14日,年末に飲んだ双虹よりこっちの方が好みです
1196,十四代,Inusuke,5,2021年2月14日,十四代　純米吟醸　龍の落とし子   甘い口当たりで優しい  フルーティで旨い
1204-1,十四代,しるふぁ,,2021年2月7日,過去に飲んだお酒のため詳細は書きません
1204-2,十四代,しるふぁ,,2021年2月7日,これに関しては数字的な評価は不要ですね
1205,十四代,しるふぁ,3.5,2021年2月7日,過去に飲んだお酒のため詳細は書きません
1207-1,十四代,転売反対！,5,2021年2月6日,自分の中では、龍月を超えて一番好きかも
1207-2,十四代,転売反対！,5,2021年2月6日,価格も良心的で、コスパに優れます
1207-3,十四代,転売反対！,5,2021年2月6日,美味しいです
1209,十四代,ともがゆく,5,2021年2月4日,十四代 角新本丸 生酒 秘伝玉返し  公園内にあるお店にて  新酒Verの本丸ですね、いちいち説明もいらないと思いますが  ちょうど口開けを頂きましたやっぱり本丸は美味しいですね
1211,十四代,しるふぁ,4,2021年2月2日,過去に飲んだお酒のため詳細は書きません
1213,十四代,転売反対！,4.7,2021年2月1日,龍の落とし子の酒米を使ったお酒は初めて飲んだが、  意外とスパイシーな食事と合うような気がした
1215,十四代,しるふぁ,4,2021年1月28日,過去に飲んだお酒のため詳細は書きません
1222,十四代,Takashi Rikukawa,5,2021年1月20日,十四代は苦味が極限までマスキングされていて、  好きです
1228,十四代,ぴいぴい,4,2021年1月14日,十四代　槽垂れ原酒生原酒   久しぶりに飲んだが、やっぱり美味しい
1230-1,十四代,パープルヘイズ,4.5,2021年1月11日,いやー旨いねやっぱり
1230-2,十四代,パープルヘイズ,4.5,2021年1月11日,おりがらみとかささ濁りはどこの銘柄でも一番旨い
1231,十四代,パープルヘイズ,4,2021年1月11日,とは言え旨いですな、はい
1232,十四代,しるふぁ,4,2021年1月11日,過去に飲んだお酒のため詳細は書きません
1233,十四代,しるふぁ,4.5,2021年1月11日,過去に飲んだお酒のため詳細は書きません
1235,十四代,ともちゃん,5,2021年1月6日,美味しい水感覚で飲めます
1237-1,十四代,ばんない,5,2021年1月5日,味の割合としてはマスカット、リンゴ、グレープフルーツが5:4:1らしく、自分のいままで飲んできた(私が飲ませた)日本酒の中で飲んだことがないお酒らしいです
1237-2,十四代,ばんない,5,2021年1月5日,最後に、嫁が大好きなBlack Swan Ⅱとどちらが好みかと聞けば、Black Swanみたいです笑
1237-3,十四代,ばんない,5,2021年1月5日,銘柄に流されず、価格に流されず、自分の思うままにお酒を楽しむ、自分の好きに正直にお酒を飲むスタンスは素晴らしい
1238-1,十四代,フルやん,4.5,2021年1月4日,旨い旨いと7合ほど無くなり残りは自宅に持ち帰りいつものスタイルでいきますよ
1238-2,十四代,フルやん,4.5,2021年1月4日,和洋折衷〜何でもござれ、旨いです
1247,十四代,ともがゆく,5,2021年1月1日,十四代 純米大吟醸 龍の落とし子  なんだかんだで十四代は本丸が一番美味いと思う派  なのですがこれは本丸に匹敵するくらい美味しい
1250,十四代,kutosake,,2020年12月31日,﻿  ﻿  ﻿  磨き:55%﻿  製造:2020.11﻿  購入:2020.11.14﻿  購入先:神奈川県の酒屋さん﻿  購入価格:3300円位
1254-1,十四代,すーさん,5,2020年12月31日,好きな人たちに喜んでもらえる幸せ
1254-2,十四代,すーさん,5,2020年12月31日,選ばれし4名の方おめでとうございますぅ㊗️もちろん他の方も大好きですよ❤️今回は兄貴のプレゼントに紛れ込ませました❤️  好きな人にあげるだけのつもりだったのに、今日、兄貴から幸せ宅急便が
1264,十四代,kazu,5,2020年12月26日,ちょっと飲んだ事ない味わいです
1269,十四代,ある,4.5,2020年12月24日,しかしながらこの価格で飲めるのはありがたい
1275,十四代,エイサー,4,2020年12月19日,十四代　純米大吟醸　雪女神   フルーティーな香りと甘さがフワッと広がる美味しいお酒ですが、少し甘すぎるか
1278,十四代,nao,4.5,2020年12月15日,美味しいですねーこの後飲む酒に困ります汗   一緒に飲んだ七垂二十貫はうま過ぎですが、中取りも負けじと美味い
1279,十四代,Takashi Rikukawa,5,2020年12月14日,次に飲んだ甘旨系の十ロ万が少し苦く感じるほどでした
1280-1,十四代,スズ生酛,5,2020年12月14日,旨いけど
1280-2,十四代,スズ生酛,5,2020年12月14日,好み的は仙禽の雄町の方が好きだな
1282,十四代,しるふぁ,3.5,2020年12月14日,過去に飲んだお酒のため詳細は書きません
1289,十四代,もっしもっし,5,2020年12月11日,それにしたって美味しいんだから、幸せなことですよね
1290,十四代,みえ,5,2020年12月11日,十四代   中取り  純米吟醸  播州  愛山  やっと出会えました(((* ॑˘ ॑* ≡ * ॑˘ ॑*)))  優しい甘さで美味しい
1293,十四代,Inusuke,5,2020年12月8日,十四代　純米吟醸　酒未来   旨い
1297,十四代,シカオさん,5,2020年12月5日,色々飲んだけどやっぱり十四代は違うなと思いました
1305-1,十四代,wajoryoshu,5,2020年11月26日,今年はコロナの影響で入手困難酒も比較的お目にかかることが多いが、さすがにこの銘柄だけは別格
1305-2,十四代,wajoryoshu,5,2020年11月26日,一年前は外呑みの白雲去来を投稿したが、さすがにそこまでの逸品は入手できなかったものの、同じ精米歩合の超特選を
1305-3,十四代,wajoryoshu,5,2020年11月26日,嗚呼、やっぱり文句なしに旨いっ
1306,十四代,パープルヘイズ,5,2020年11月25日,自宅で好きなアテと飲めるのは素直にありがたい
1307,十四代,しるふぁ,3,2020年11月25日,過去に飲んだお酒のため詳細は書きません
1310,十四代,レッドソイル,4.5,2020年11月23日,初めて十四代を家飲みしました  まあ入手難度が高いことこの上ないですねえ…   華やかな香り、甘やかな飲み口、とんでもなく綺麗な後味と、これが評価される理由はまあ分かります  これが手に入りやすければ大絶賛してたとは思いますね  ただまあ、皆様ご存知の通りの入手困難銘柄ですから、どうしてもその分のマイナス評価はでてしまいますね…   このお酒が悪い訳では全くないですが、入手難度を覆す異様な感動があったわけでもないのでこの評価となりました
1312,十四代,しるふぁ,4,2020年11月21日,過去に飲んだお酒のため詳細は書きません
1315,十四代,しるふぁ,3.5,2020年11月19日,過去に飲んだお酒のため詳細は書きません
1316,十四代,tago,4,2020年11月19日,美味しい一本でした
1319-1,十四代,しるふぁ,4.5,2020年11月18日,過去に飲んだお酒のため詳細は書きません
1319-2,十四代,しるふぁ,4.5,2020年11月18日,十四代の生酒では、これと本丸が好きです
1320,十四代,パープルヘイズ,5,2020年11月15日,本来の嗜好である酸味と苦味はほぼ感じないけど素直に旨い
1321,十四代,ばんない,5,2020年11月14日,日本酒の味をわからずに飲んだ十四代と、様々な日本酒を飲んで経験を積んだ現在ですが、とんでもなく美味しい
1325,十四代,michi♭,4,2020年11月8日,本丸でも充分美味しい
1326-1,十四代,ふゎゎ,4,2020年11月7日,十四代  吟醸酒  生詰  吟撰   近所にある大好きな焼鳥屋さんに行ってきました
1326-2,十四代,ふゎゎ,4,2020年11月7日,何でもそうなのですが、好きなものをずっと変わらずに選ぶタイプなのに
1328,十四代,転売反対！,4.6,2020年11月7日,スペックの割にお得感のある価格帯も良かった
1337,十四代,HM,5,2020年10月25日,だけどこの甘さも大好きです
1340,十四代,りな,4.5,2020年10月23日,十四代　吟撰   今まで飲んだ十四代の中でも一番スッキリしているような
1347,十四代,Tomy Tomy,3.5,2020年10月17日,確かに美味しい
1349,十四代,もこもこの剣士,5,2020年10月16日,好きな徳川　徳川家茂(徳川14代目)
1359,十四代,がじろう,4,2020年10月3日,「十四代　中取り純米」  大好き14D大好き   無濾過　特別純米  精米歩合55%   より豊潤でより後味がスッキリかな
1361,十四代,かぶかぶ,4,2020年10月2日,昨晩何種類もの十四代を飲み比べしましたが、共通しているのはジューシーな甘味なのに切れ味鋭い後味(’-’*)♪  山田錦だからか磨きのせいか、開栓二日目にして少し味わいがボヤけてますね(*´-`)  昨日は龍泉も七垂れも白雲去来も飲みましたが、コスパも込みでマイベストはやはり諸白です☆
1363,十四代,☆Shige☆,5,2020年10月1日,旨いしかでてこないのでコメントもでてこないです(笑)  旨い‼️
1364-1,十四代,satraksake,3.5,2020年10月1日,どんどん価格は上がってますが、  私としては、こんなトコです
1364-2,十四代,satraksake,3.5,2020年10月1日,高いから旨い、とは限らない
1365,十四代,さくら,4.5,2020年9月30日,スペックや価格が高くても好みでない十四代があったことを考えると、もう本丸を5評価でいい気がする
1366,十四代,がじろう,4.5,2020年9月26日,なんにせ14D大好き
1367-1,十四代,スーパーポジティブ鼠,5,2020年9月22日,美味しいお酒は数知れず
1367-2,十四代,スーパーポジティブ鼠,5,2020年9月22日,甘いのが好きならばきっとココが究極な気がします
1367-3,十四代,スーパーポジティブ鼠,5,2020年9月22日,もちろんプレ値は論外ですがね…   ワンカルビでも十分美味しいけど  たまには奮発して叙々苑行きたい
1369,十四代,フルやん,4.5,2020年9月21日,旨いです
1376-1,十四代,スーパーポジティブ鼠,4.5,2020年9月17日,お互いの好きなお酒を勧め合ったり  一緒のやつ呑んであーだこーだ議論を交わしたり
1376-2,十四代,スーパーポジティブ鼠,4.5,2020年9月17日,やっぱり美味しいけどね
1376-3,十四代,スーパーポジティブ鼠,4.5,2020年9月17日,あとはパインのエグミの多い少ないをどう評価するだけかな〜   久しぶりに而今を呑んだ
1376-4,十四代,スーパーポジティブ鼠,4.5,2020年9月17日,千本錦とか八反より雄町が好きかな
1381,十四代,ドマーネ,4.5,2020年9月12日,十四代/中取り純米  ようやく入手
1383-1,十四代,ぽん,5,2020年9月8日,旨い
1383-2,十四代,ぽん,5,2020年9月8日,いろいろ書く気が無くなるほど旨い
1383-3,十四代,ぽん,5,2020年9月8日,なんだろう、濃厚すぎて味にとろみを感じるというか… 私の1番好きなお酒をさらに濃厚にした感じ
1384,十四代,syosyusyu2020,5,2020年9月6日,特定名称：純米大吟醸  原材米：雪女神  精米歩合：40%  日本酒度：非公開  度数：15度  製造元：高木酒造株式会社（山形県）   流石です♪ 美味しい (^^)
1385,十四代,HM,4.5,2020年9月6日,と言いたいところですが、値段が一般市民にとっては高め（一升瓶一万円超え）なのでこの評価になっています
1390,十四代,モコモコ,4,2020年8月25日,美味しいね
1393-1,十四代,縦の皮,4.1,2020年8月21日,美味しいし上品だし綺麗なんだけど、ちょっと物足りない
1393-2,十四代,縦の皮,4.1,2020年8月21日,入手難しいから期待値は上がっちゃいますね
1397,十四代,manaf0293,4.5,2020年8月19日,十四代はやっぱり美味しいという結論…
1399,十四代,フルやん,5,2020年8月18日,やはり十四代どれとも合う〜合わせたくなる^ ^  今回もやり過ぎた感はありますが旨いです
1409,十四代,アン日本酒初心者,4.5,2020年8月14日,であるが、私には食べながらでもお酒が美味しいという意味の食中酒です
1419,十四代,ナナメ,4,2020年8月8日,﻿  ﻿  この吟撰、今年はコロナ禍での飲食店﻿  支援のために特別な価格で出荷された﻿  ようです
1421,十四代,田川の鯉,4.5,2020年8月5日,旨いです
1423-1,十四代,☆Shige☆,5,2020年8月3日,こりゃまた美味しいですねっ♪  思っていたより甘くなくスッキリしていて凄く飲みやすいテイストです
1423-2,十四代,☆Shige☆,5,2020年8月3日,安定の超旨い❗️  家で呑める感謝です
1426,十四代,かぶかぶ,4,2020年8月2日,それでもやはり旨い☆
1427,十四代,Tokio,5,2020年8月2日,ただ言えるのは、  飲んだ人を皆幸せにする、  そんな日本酒だ
1428-1,十四代,mshogo,4.5,2020年8月1日,文句無しにフルーティで透明感があり美味しい
1428-2,十四代,mshogo,4.5,2020年8月1日,前に飲んだ白鶴錦が美味しかったので銘柄も覚えておかないとないと次いつ飲めるかわからない
1435,十四代,nao,5,2020年7月26日,やはり美味しい酒は1本だけで飽きずにずっと飲めますねー  たくさん飲んでも低アルなのってぐらい身体が楽です
1439,十四代,ガンジャマン,,2020年7月25日,美味しいお酒でハッピーな時間をいただきやした
1440-1,十四代,縦の皮,4.8,2020年7月24日,自分が飲んだ中だと、雪女神に近いけど微妙に違う
1440-2,十四代,縦の皮,4.8,2020年7月24日,定価でも値は張りましたが、間違いなく価格以上の味わいです
1445,十四代,務め人苦弊死,4.5,2020年7月19日,美味しいけど
1447,十四代,Tokio,4,2020年7月16日,個人的には玉返しの方が美味しいと思ったり
1449,十四代,nao,5,2020年7月12日,うめーわ‼︎言うことなし‼︎  十四代何本か飲んでるけど自分で買った思い入れもあり、今までで一番美味い‼︎   小瓶に1合だけ残して飲み干してしまいました
1452-1,十四代,紅葉,4,2020年7月10日,以前飲んだ日本酒原価酒造さんにて
1452-2,十四代,紅葉,4,2020年7月10日,以前飲んだより複雑な甘味ではなかったが、十分に楽しめる味だったように思う
1454,十四代,haya,5,2020年7月7日,ICOCAで切符を買ったボクがいた(笑)   そんな天然さえも、この一杯が救ってくれるのです
1458,十四代,じゅんよんだい,5,2020年6月30日,さて味わいはというと山田錦と愛山という自分の好きな酒米をブレンドし、甘すぎず辛すぎず、そして旨すぎる
1465-1,十四代,Sugurise,4.5,2020年6月28日,以前、外で十四代を初めて飲んだときのことを思い出す
1465-2,十四代,Sugurise,4.5,2020年6月28日,一緒に飲んだ知人は、十四代の中取り純米無濾過を「森の中にある静かで波紋一つない澄んだ湖みたい」と例えて、すごく納得して感動した
1465-3,十四代,Sugurise,4.5,2020年6月28日,開栓初日は評価Maxとまで行けず恐れ多いですが、しばらく変化も感じながら十四代を楽しませてもらいます
1468,十四代,エイサー,4,2020年6月27日,十四代　本丸  この酒は｢安い｣｢旨い｣がピッタリなお酒だと思います
1473-1,十四代,str,5,2020年6月20日,冩樂の方が美味しいかなって感じたが、二日目に濃厚さが出て来て好みの味に
1473-2,十四代,str,5,2020年6月20日,冩樂の評価を変えなくては（笑）
1476,十四代,祐次,4,2020年6月18日,十四代　中取り大吟醸  旨いもくるけど甘いがもっとくる
1477-1,十四代,somewordstoday,5,2020年6月18日,始めた頃はここまで続けられるとは（こんなに飲むとは笑）思ってもいませんでしたが、これも美味しいお酒を造ってくださる蔵元さんと、SAKETIMEの皆さんのおかげです
1477-2,十四代,somewordstoday,5,2020年6月18日,旨いです
1480,十四代,kasumi_♂,4,2020年6月16日,旨味も感じつつスッキリした飲み心地で  とても美味しいお酒でした
1481,十四代,福助,5,2020年6月16日,十四代 中取り純吟 赤磐雄町   コロナ騒動のせい二ヶ月連続で入手
1491,十四代,36tomo,5,2020年6月8日,十四代　吟撰   入手困難な十四代を飲む機会に恵まれました
1492,十四代,akiii,4.5,2020年6月8日,この価格でこんな酒が出来るとは、唸ります(≧∀≦)
1501,十四代,koume,5,2020年5月31日,美味すぎ(^^)    でもこれより美味しいお酒を今まで普通に購入して飲んでるわけでキチガイ転売ヤーとそこから購入している馬鹿はトレーラーに巻き込まれてぐちゃぐちゃになれと思います笑
1502,十四代,kyoco,5,2020年5月31日,トロッと感もある  濃厚な甘味なのに  何もなかったように  引いていく  美味しいなぁ^ ^  このボトル連れて帰りたい（笑）
1503,十四代,エイサー,4,2020年5月30日,十四代　純米大吟醸　龍の落とし子   最近飲んだ白鶴錦と比べると甘みが強い分甘ったるさを感じますが後味が綺麗なのでついつい飲みすぎてしまいます
1511-1,十四代,横浜のお酒呑み,5,2020年5月10日,とても美味しい
1511-2,十四代,横浜のお酒呑み,5,2020年5月10日,好きな甘さ
1512-1,十四代,酔楽,5,2020年5月6日,大好きな山田錦の十四代
1512-2,十四代,酔楽,5,2020年5月6日,2日目・3日目  流石に、美味しいお酒でも1升瓶となると一気に空けられないですね
1512-3,十四代,酔楽,5,2020年5月6日,ほんの少々辛味が浮いてきているので、美味しいお酒はその日に呑み切りたいですね
1513,十四代,エイサー,4.5,2020年5月5日,と思わせるほど旨い酒ですが、次はいつ飲めるか
1514,十四代,さくら,,2020年5月5日,龍の落とし子　大極上生　だけど下記の理由で点数なし   スムーズでさらりとしたアタックながら、後味は華やかさのある美味しさをしっかり感じる  ひっかかりのない飲み口  でも生酒独特の黄色っぼさも感じるなあ  ブラインドで飲んだら十四代だと分からない味   …と思ったら  これ製造年月から2カ月以内に飲んでくださいって書いてあるのに製造年2018だよ
1515,十四代,ミユヒロ,4.5,2020年5月4日,ただ、最近の好みは辛口系なので評価が少し辛め
1526,十四代,エイサー,4,2020年4月12日,一気に口のなかに和三盆のような甘さが広がる旨い酒です
1531-1,十四代,和バルbiroku,4.5,2020年4月10日,こんな時期だからこそ美味しい日本酒で気分転換
1531-2,十四代,和バルbiroku,4.5,2020年4月10日,美味しい一本ですが、手に入りにくくそこを考えると少しマイナスポイントかなー   オリーブオイルの豊かなコク、香りとGOOD
1532,十四代,よよよい,3.5,2020年4月8日,まぁ、普通に美味しい
1533,十四代,スーパーポジティブ鼠,5,2020年4月6日,4.5ばっか付けてるし備忘として5.0を⭐️⭐️⭐️⭐️⭐️  よく聞かれる「今まで飲んだ中で一番美味しかったやつ何ですか」のやつ  そら酒なんか嗜好品なんやから千差万別なんやろうけど  いつもパッと浮かぶのはこの二本  正直、十四代はほぼ五つ星やけどコレは別格  でも聞いた人が絶対飲む機会が訪れへんからコレを答えることはない  大体、まだ手に入りやすい鍋島って答えてるね  正直コレ飲めたんも奇跡的なもんやし  芸術的すぎてしばらく言葉が出てこんかったけど、自分的にはコレが最高峰やと思ってる  龍月は特Ａ地区山田錦40%の純米大吟醸  極上のリッチ感と果実感、ただただ上品で美しい余韻の続く素晴らしいお酒  双虹は35%の大吟醸  テイストは似てるけど龍月と比べると若干のガス感が強くてキレがあるこちらも負けず劣らず素晴らしいお酒  高木さんが本気出したらこんなレベルのお酒が造れるってほんま芸術の域やで  プレ値では無理やけどこのクォリティなら高くても買う
1534-1,十四代,モコモコ,5,2020年4月4日,この十四代はめちゃくちゃ好きな味
1534-2,十四代,モコモコ,5,2020年4月4日,まだ5種類だが今まで飲んだ十四代で1番かな
1541,十四代,エイサー,4,2020年3月22日,ただ純米吟醸なので多少淡麗さがないぶん上品さが感じられないが旨い酒にはかわりはないですね
1546,十四代,kyoco,4,2020年3月15日,まず酸味がきて  控えめな甘さのあと苦味  美味しいお酒で  綺麗な印象ではあるけど  アルコールの苦味が…  ちがーう(T . T)  大吟醸、吟醸とは違うって言うこと
1550,十四代,career,4,2020年3月7日,前に近所の赤鬼で飲んだ以来の十四代
1553-1,十四代,ニクアン,5,2020年2月25日,初めて十四代を飲んだ
1553-2,十四代,ニクアン,5,2020年2月25日,本当に美味しいですね
1558,十四代,エイサー,4,2020年2月22日,出羽燦々旨い
1559,十四代,かぶかぶ,4,2020年2月22日,後味にやや癖のある酸味を感じましたが、全体的にはさすがの高木酒造(’-’*)♪  普段日本酒を飲まない同期もこれは旨い
1570,十四代,エイサー,4,2020年2月8日,その後時間をおいて飲んだところ、雑味やカドが消えさらにの見やすくなりました
1575,十四代,フルやん,5,2020年2月1日,旨いです
1582-1,十四代,パパ,4.5,2020年1月19日,店の方にこれは飲んだ方がいいと頂きました
1582-2,十四代,パパ,4.5,2020年1月19日,ほんの少しだけでしたが美味しい酒でした
1583,十四代,damecaptain,5,2020年1月19日,評価5.0というか次元が違う
1586-1,十四代,katachiim,,2020年1月14日,特別、十四代が好きな訳でも崇めている訳でもない
1586-2,十四代,katachiim,,2020年1月14日,ただ、これ以上に美味しい日本酒はあるのだろか?と思う
1587,十四代,にほしゅ,3,2020年1月14日,去年飲んだ十四代
1589,十四代,務め人苦弊死,4.5,2020年1月12日,吟撰よりも本丸の方が好き
1592,十四代,もっしもっし,5,2020年1月10日,感想は今まで飲んだ中で最高に好きなお酒でした
1607,十四代,福助,4.5,2020年1月2日,美味しいとしか覚えてない時ありますよ(^^)
1611-1,十四代,pooh,4,2020年1月1日,高木酒造  極上諸白　十四代　純米大吟醸  原材料　米、米麹  原料米　兵庫県特A地区産山田錦20%  　　　　兵庫県特A地区産愛山80%  精米歩合　麹米50% 掛米45%  アルコール　15度  仕込水　桜清水　自然湧水  酵母　自社蔵付十號   この日飲んだ他のものと比べると比較的さっぱり目
1611-2,十四代,pooh,4,2020年1月1日,たくさん飲んだ後なので愛山感とかまではしっかり感じれなかった
1612,十四代,Back6,4.5,2020年1月1日,今年も美味しいお酒の情報を楽しみにしてます&よろしくお願いします
1616,十四代,縦の皮,4.8,2019年12月31日,夏に買ったのをレマコムに入れてました
1619-1,十四代,pooh,4,2019年12月31日,保存方法などの影響もあるだろうがこの日飲んだ中では一番米感があったように感じた
1619-2,十四代,pooh,4,2019年12月31日,美味しい
1620,十四代,pooh,4,2019年12月31日,たまに酒未来を使ったお酒は見るが、やっぱり美味しい
1621,十四代,pooh,4,2019年12月30日,甘ったるいのはあまり好きではないが、十四代は甘味がかなり強いのにいつまでも飲めるのがすごい
1624,十四代,さっかりん,4,2019年12月13日,個人的にはこの味だったら朝日鷹の方が好きだけど、どっちにせよもう少し簡単に買えるようにならないかなあと…思ってしまいますねえ(*´ω｀*)
1626-1,十四代,shimatama,4.5,2019年12月2日,初投稿です♪  日本酒は、ほぼ初心者ですけど、感じたままに感想を述べたいと思います^ ^  初投稿の日本酒は長瀞で飲んだ『十四代』
1626-2,十四代,shimatama,4.5,2019年12月2日,まろやかな飲み口に、桃のような優しい甘さ、とても飲みやすくて、美味しかったです♡  フルーティなので女性にもおすすめです♪
1632,十四代,wajoryoshu,5,2019年11月25日,十四代*** 白雲去来  十四代好きとしては、出逢えて感謝、感謝の逸品
1634,十四代,高垣楓のファン,5,2019年11月24日,"十四代 秘伝玉返し 本丸(2019年11月定価購入)  本丸は初でした  本醸造とは思えない飲みやすさ  程よい甘口にスッと香る果実臭、圧倒的なコスパ(2,300円でした)  ランキング1位なのも納得です、目茶苦茶美味しい"
1635-1,十四代,takuwan,4,2019年11月22日,飲んだ最初のインパクトは「七垂二十貫」などの純米大吟醸クラスの物に比べると弱いかもしれないですが、優しい吟醸香に口の中に含むとストレスを感じさせない舌触り
1635-2,十四代,takuwan,4,2019年11月22日,もう少し手に入りやすければ評価5なんだけどなぁ、、、
1637,十四代,福助,4.5,2019年11月19日,嫌な熟成感とかは全くなく、ただただ旨さが濃厚になるのでお金と気持ちに余裕が有ればおすすめ(^^)   飲みたいのを我慢したかいはありましたが、もうやらないかなって昨年も言ってました(^^)ただ、そもそも手に入らないです
1639,十四代,さくら,3.5,2019年11月11日,この価格でこの味なら、私の好み的に飲まなくても良かった..  .8  コスパ3.3  @俺の割烹
1641,十四代,525,5,2019年11月5日,本丸は本醸造で安くて美味いから人気があるのであって、プレミア価格を出すのはバカらしい
1642,十四代,satream,5,2019年11月3日,こりゃ旨い
1648,十四代,hinahina,5,2019年11月3日,十四代の中で一番好き
1649-1,十四代,Olive,5,2019年11月2日,十四代 純米吟醸 酒未来  精米歩合50%  アルコール16°   初の家飲み十四代、友人の来訪に合わせて開栓  華やかな香り、フルーティーで甘い旨い
1649-2,十四代,Olive,5,2019年11月2日,また飲みたいけど、なかなか入手困難なのがね
1656-1,十四代,すぎちゃんの冒険,4,2019年10月21日,「なんてったって十四代」  山形・十四代・吟撰/吟醸・精米歩合50%・生詰  ・何を隠そう僕は本当はアイドル好きのミーハー野郎なんです
1656-2,十四代,すぎちゃんの冒険,4,2019年10月21日,だから僕は十四代が大好きです
1656-3,十四代,すぎちゃんの冒険,4,2019年10月21日,(なんのこっちゃ)  ・このお酒、もはやプレミア価格ばかりなのでグレードが分かりにくいが、これは吟撰という吟醸クラス
1656-4,十四代,すぎちゃんの冒険,4,2019年10月21日,・さすがに料理を引き立てるというよりは、こいつ自身が主役映えするので、食後にじっくり味わうのが好き
1659,十四代,tam,5,2019年10月19日,7月に飲んだ時のものです
1662-1,十四代,カッシー,5,2019年10月8日,旨いの最上級系
1662-2,十四代,カッシー,5,2019年10月8日,旨い、旨いやー、旨いエスト
1666-1,十四代,いなりずし.com,4.5,2019年10月5日,"十四代　本丸   アルコール分　15度  精米歩合　55%  日本酒度　+2  参考価格　一升瓶2,000円（税抜き）   70回目のレビューは十四代本丸"
1666-2,十四代,いなりずし.com,4.5,2019年10月5日,コスパ最強の日本酒はやはりコレ
1666-3,十四代,いなりずし.com,4.5,2019年10月5日,"この価格（一升瓶定価2,000円）でこの旨さは凄いの一言"
1666-4,十四代,いなりずし.com,4.5,2019年10月5日,"一合900円出すなら、正直もっと美味しいお酒はたくさんあります笑  ネットで一升瓶30,000円以上の値段がついてますが、そんな酒じゃないので、絶対に買わないように"
1666-5,十四代,いなりずし.com,4.5,2019年10月5日,新潟ではまず飲めないので、久々に飲むことができてうれしかったー(*´ー｀*)  こんな安くて美味しいお酒が、今後たくさん世の中に出回ることを期待します
1667,十四代,さくら,5,2019年10月4日,以前は☆4評価だから、飲む順番とか環境とかホント大事なんだなあ
1668,十四代,manaf0293,4,2019年9月30日,余韻は長めですが、嫌な感じはなく非常に美味しいと思います
1673,十四代,福助,5,2019年9月29日,数日で飲み切りましたが、開戦時が一番美味しいかったですね
1675,十四代,Jun,4,2019年9月26日,バランスが良いのは間違いなく旨いです
1678,十四代,oden2525,5,2019年9月25日,こちらももちろん美味しい
1679,十四代,oden2525,5,2019年9月25日,やっぱり美味しい
1685,十四代,福助,4.5,2019年9月13日,あらためて美味しいなぁって感じです(^^)この日はメニューに十四代が多数有り、愛山と飲み比べましたが、甲乙つけがたい(^^)
1686,十四代,縦の皮,4,2019年9月11日,シュワ感がしっかりあってしっかり甘くて美味しいです
1691,十四代,くろきち,5,2019年9月3日,相変わらず十四代らしく美味しいのですが、やや酸味を強く感じるテイスト
1695,十四代,フルやん,5,2019年8月30日,旨いです
1701,十四代,shika,5,2019年8月23日,一緒に飲んだ吟撰と比べると、より華やかで主張がありながら、バランスが崩れないギリギリを狙ってる感
1708-1,十四代,katachiim,,2019年8月16日,笑   酒好きとしては、ただただ酒が飲みたいし、人にも美味しいお酒を飲ませてあげたい
1708-2,十四代,katachiim,,2019年8月16日,十四代を飲みたいけど、飲んだことがない日本酒好きに本当飲ませてあげたいね
1723,十四代,吾郎丸,4.5,2019年8月4日,やっぱり美味しい>^_^<  個人的に純米では出せないアル添のスッキリとキレ感じます
1729-1,十四代,☆Shige☆,5,2019年7月29日,はぁ〜旨いなぁ♪疲れが吹っ飛びますねぇ
1729-2,十四代,☆Shige☆,5,2019年7月29日,安定の旨いです
1732,十四代,nao,4.5,2019年7月28日,十四代は美味しいけど、これはめっちゃ美味しい‼︎
1736,十四代,務め人苦弊死,4,2019年7月27日,十四代は6種類ほど飲んだ経験があるが1番香りが強かった
1742,十四代,kasumi_♂,4.5,2019年7月20日,透き通るような旨味が  グラデーションのようにキレていく  とても美味しいお酒でした
1744,十四代,かぶかぶ,4,2019年7月18日,喉奥で広がる甘味は和三盆的でもあり、でも苦味と相まって複雑系でもある(*´-`)  十四代にしてはやや余韻に切れを欠きますが、やはり美味しいお酒であることに間違いなし☆
1747-1,十四代,まつゆう,4.5,2019年7月17日,中々出会えないのと、ラインナップで一番リーズナブルな価格だったのでいただきました
1747-2,十四代,まつゆう,4.5,2019年7月17日,バランスよく、美味しいお酒でした
1749,十四代,さくら,5,2019年7月16日,美味しい〜♡
1760,十四代,nao,3.5,2019年7月1日,美味しい酒ではあるけど喉に引っかかる
1761-1,十四代,w_katsura,4,2019年6月28日,香りは林檎系で微かにという感じですが、一口含んだときにとってもフルーティで、うわっ美味しいという感じさせる、流石のインパクトでした
1761-2,十四代,w_katsura,4,2019年6月28日,久しぶりに飲んだのですが、やっぱり美味しいですね
1762,十四代,Inusuke,5,2019年6月27日,これは好き
1769,十四代,福助,4.5,2019年6月18日,凄い美味しい(^^)
1779,十四代,toshiz0,4.5,2019年5月22日,純米だけじゃ日本酒じゃねぇ…(笑)  十四代が評価される根本に、実は本丸の完成度がものすごく関わってるのかなと思いますた
1780,十四代,toshiz0,4,2019年5月22日,一方で不老泉や凱陣を愛する自分としては、  評価はそれなり
1781-1,十四代,フルやん,5,2019年5月20日,入手難易度MAXでした
1781-2,十四代,フルやん,5,2019年5月20日,旨いです
1784,十四代,Shigeki,4,2019年5月16日,やっぱり旨いとしか言いようがないですね
1785,十四代,もっしもっし,4.5,2019年5月7日,一緒に飲んだ友人は美味いけど華やか過ぎるといった感想で、自分も確かにちょっぴりくどいかな、と思いつつ、まぁ、最高でした
1789,十四代,ともがゆく,4.5,2019年5月3日,十四代 龍の落とし子  新元号ということで特別なお酒が飲みたくなったので  奮発して注文しました  スッキリして飲みやすいけどやっぱり  自分は本丸の方が好きかなぁと
1793,十四代,福助,4,2019年4月29日,十四代 中取り純米 無濾過生   買えればコスパの良い純米酒
1801-1,十四代,吾郎丸,5,2019年4月17日,【高木酒造(株)】   十四代 中取り  生詰  1800ml  2019.4詰   ¥5000位   コスパいいです
1801-2,十四代,吾郎丸,5,2019年4月17日,十四代は火入れのイメージがありますが生詰も美味しいです
1802,十四代,yama,4.5,2019年4月16日,しかしそれ故に量を飲んだら飲み疲れもするかも
1805,十四代,海老名 aokiji,3.5,2019年4月12日,個人的にですが最近の十四代は2ヶ月〜3か月程寝かせて飲んだ方が柔らかく滑らな酒質になると感じます
1811,十四代,もちもち,5,2019年4月8日,甘い、うまい、止まらない…  花のように旨いです
1814-1,十四代,ヒロぽん,4.5,2019年4月5日,でもつい最近飲んだ純米中取りに比べると若干後味が苦い
1814-2,十四代,ヒロぽん,4.5,2019年4月5日,全然美味しいんだけど値段聞くと、テンションは下がるかな
1817,十四代,525,5,2019年3月30日,うまみ、甘み、苦味のバランスがよくて、とにかく美味しい
1818-1,十四代,ともやんくん,5,2019年3月30日,十四代 純米吟醸 龍の落とし子 生詰  好みでいけば、花陽浴の方が好き
1818-2,十四代,ともやんくん,5,2019年3月30日,パイナップル大好きなので
1824-1,十四代,525,4.5,2019年3月23日,グラスで800円くらいと、良心価格
1824-2,十四代,525,4.5,2019年3月23日,十四代も本丸も好きでずっと飲みたかったんですが、なかなか飲めず、数年ぶりに飲めました
1824-3,十四代,525,4.5,2019年3月23日,普通に飲めれば飲みたいけど、プレミア価格や、探してまで飲みたい感じではないかな
1831,十四代,ヒロぽん,4.5,2019年3月4日,開栓時も頂きましたが、ゆっくりと味わうことが出来ず  改めて飲んでみるとやっぱり美味しいですね
1833,十四代,ryuutamomo,4.5,2019年2月27日,素直に美味しい
1835,十四代,☆Shige☆,5,2019年2月24日,爽やかなテイストな、この出羽燦々バージョンは思っていた通り、お米の若々しく熟成前の力強くなる前の怖いもの知らずなモンスターでしたε-(´∀｀; )  文句なしの超旨いです‼️   これにてSEASON 2 END…… TO BE CONTINUED
1837,十四代,とちいば,,2019年2月22日,十四代　本丸　生詰  スッキリとした甘さがあるがスッと抜けて後に残らない   文句なしに美味しい
1838,十四代,gengoro,5,2019年2月21日,※補足；後日、別の店で飲んだ十四代・生酒は感動がありませんでした
1846,十四代,季札,4.5,2019年2月12日,前に飲んだ十四代よりさっぱりした感じでした
1852,十四代,うずらちゃん,5,2019年2月8日,十四代だけ別格な味を想像してたけど、そうではなく、美味しい日本酒達の延長線上にいた
1854-1,十四代,すーさん,5,2019年2月4日,十四代槽垂れ   旨い
1854-2,十四代,すーさん,5,2019年2月4日,十四代っていうブランドを抜きにしても、凄い美味しい
1857,十四代,八反ラフター,4.5,2019年2月2日,初めての十四代  3ヶ月待って地元の居酒屋さんから譲り受けました  自分の引き出し開けまくって味わいます笑   今まで飲んだ酒が走馬灯の様に巡りますw  中取りだけど、これが純米酒って所ですでに次元が違う  まず米の香りが開栓からブワッときます(´∀｀)  生の微発泡が上品かつ酸を引き立てる  ほろ苦い感じが私はグレープフルーツを感じました  複雑な果実香  少し温度あがると少しメロン  熟成感はさほど感じませんが透明感と果実感のバランスが良い
1862,十四代,ゆきち,5,2019年1月20日,旨いです、やはり⭐︎⭐️⭐️⭐️⭐️です
1863,十四代,さくら,4,2019年1月19日,十四代 中取り純米吟醸 播州山田錦 4  雄町よりさっぱりめ 後半の酸が立ってる  普通に美味しいレベル
1867,十四代,ナナメ,5,2019年1月17日,外でも一回しか飲んだことないので、実質初飲みでテンション上がります⤴︎  ✧  ✧  なに、コレ
1870,十四代,Y氏,4,2019年1月14日,一杯目 抜群に美味しい 甘いが切れがすごい  みんなに小瓶で分けて持ち帰らせましたが、残合ぐらいありますのでじっくり飲みたいと思います
1875,十四代,福助,4.5,2019年1月9日,十四代 槽垂れ 角新 本生 原酒   この日は、かなり杯を重ねたためちょっと記憶が怪しいですが、立て続けに飲んだ龍の落とし子よりはこちらの方が好みだったと記憶してます(^^)
1876,十四代,ともがゆく,5,2019年1月6日,十四代 新本丸 本醸造  いやーやっぱり十四代は美味しいですねぇ
1881,十四代,Takashi Rikukawa,5,2019年1月2日,純米や純米吟醸を飲んだのは3年前
1897,十四代,Jun,4.5,2018年12月17日,旨いですね〜^_^  なかなかリピ出来ないけどリピ決定
1900-1,十四代,Takashikawa,4.5,2018年12月8日,フルーティーな旨い酒
1900-2,十四代,Takashikawa,4.5,2018年12月8日,旨い酒はたくさんありますので
1903,十四代,福助,5,2018年12月7日,十四代 龍月 斗瓶囲い純米大吟醸酒   ボーナス前に大盤振る舞いです(^^)双虹は飲んだことあるので、次はこちらとずっと飲みたかった龍月をいつものお店で頂きました
1906-1,十四代,katachiim,,2018年12月3日,雄町が好きな私としては十四代の雄町も飲んでみたいと思ってた
1906-2,十四代,katachiim,,2018年12月3日,飲んだ感想としては、雄町の香りと味がしっかりとする
1907,十四代,かーみっと,5,2018年12月3日,十四代 特別本醸造 本丸秘伝返し   原価酒蔵さんにて   華やかな甘さが口いっぱいに広がります  優しくキレて、杯が進みます   入手難度の高い酒はあんまり評価したくないのですが  この旨さだと評価せざるを得ないですね
1909,十四代,はまさん,5,2018年12月1日,これは、美味しい❗  って言うか、これを仕入れているこの日本酒バルは凄いな❕
1912,十四代,sonoryu,4.5,2018年11月27日,いつもより甘みがやや強く、キレがやや弱い感じがしますが…気のせいかも知れません(^^;  もちろん旨いです
1916,十四代,akiii,4,2018年11月19日,やっぱり最近何処の日本酒も旨いですよね（≧∇≦）
1918,十四代,F.HYM,5,2018年11月15日,丸みのある美味しい熱燗でちょっと贅沢な呑み方かなぁと
1921-1,十四代,sonoryu,4.5,2018年11月11日,『写真は一通り終了してからお願いします…』をそこそこ酔いまして全て撮り忘れて帰って来たために、お店の事前案内から拝借しておりますので、予定に無かった愛山が写っていません…   さて、私は評価【５】のお酒を探して色々なお酒を呑んでいますが、最近好みが分かって来ました
1921-2,十四代,sonoryu,4.5,2018年11月11日,酒未来も、ほとんどのお酒にある強めの酸が好きではないです
1921-3,十四代,sonoryu,4.5,2018年11月11日,美郷錦も酸があまり好きではないですが
1923,十四代,kyoco,5,2018年11月8日,いつか飲んでみたいと思っていた十四代✨  日本酒には詳しくないし、  味覚にも自信ないけど、  こんなのは初めて‼️  思わずなにこれ‼️って言ってしまった（笑）  くらい美味しい✨  幸せです(///∇︎///)
1924,十四代,ともがゆく,5,2018年11月7日,十四代 中取り純米  突然翌日の休みを与えられたため  前から気になってた居酒屋に一人で来店  前に飲んだ本丸同様ものすごく飲みやすくて  何杯でも飲めそう
1930,十四代,Kenji Iwasaki,4.5,2018年11月3日,ぶれない蔵は大好きです
1933,十四代,福助,4.5,2018年10月30日,これまで飲んだたものとはちょっと毛色が違いますが、当然美味しいです(^^)   ただ、高いです(^^)
1934-1,十四代,katachiim,,2018年10月29日,すみませんm(_ _)m  この味は私好みだけなのかもしれないけど、私はこの味のような日本酒は飲んだことがあるけど、この味の日本酒は飲んだことがない
1934-2,十四代,katachiim,,2018年10月29日,今まで飲んできた日本酒の中で1番美味しいかもな
1937,十四代,福助,5,2018年10月26日,十四代 七垂二十貫 純米大吟醸   十四代は寝かせると旨いと飲み屋の店主が言うので、昨年末購入の四号瓶を大切に保存し、今年のものと比べられるように、店主が同銘柄を仕入れたタイミングで開栓
1941,十四代,Kenji Iwasaki,5,2018年10月20日,旨いですねぇ
1944,十四代,しろねこ,4.5,2018年10月20日,あとは旨いの一言です
1946,十四代,福助,4,2018年10月15日,十四代 吟撰 生詰   一升瓶で初入手の十四代
1949,十四代,Kiyotaka  Hata,,2018年10月7日,天満の飲み放題の店で飲んだ記録
1952,十四代,たけ,5,2018年10月6日,本丸旨いですね
1953,十四代,たけ,4,2018年10月6日,十四代雄町の純米吟醸も旨い
1955,十四代,Kenji Iwasaki,5,2018年10月5日,基本的に自分で買ったお酒しか上げないとしたけど、これだけは上げたい
1956,十四代,たけ,4,2018年10月3日,十四代愛山、やっぱり旨いよねー
1958,十四代,Rieko  Takenaka,4.5,2018年9月25日,白鶴錦の飲み比べ   十四代  とってもフルーティーでさすがのお味  いつもながらまとめてきますねー(^_^)  しかしながら  作  大吟醸 はお米のコクがでて私が好きなお味  久々にヒットo(^o^)o評価５  南部美人は評価４ 美味しいけどこの二つにはまだまだかな
1962,十四代,johnny,5,2018年9月11日,上品な甘さ、旨いなぁ〜
1969-1,十四代,Koebi,4.5,2018年9月3日,十四代 超特選 純米大吟醸  旨い
1969-2,十四代,Koebi,4.5,2018年9月3日,確かに美味しい…でも他の蔵元も頑張って日本酒の質が上がっているのを再認識させられます
1970-1,十四代,福助,4.5,2018年8月31日,十四代 中取り純米吟醸 播州山田錦   口開けを頂きましたが相変わらず美味しいです(^^)綺麗な甘さで雑味を感じさせない後の引き方
1970-2,十四代,福助,4.5,2018年8月31日,酒米違いで色々と口にするチャンスがありましたが、違いを文章にできません(^^)だって、いつ飲んでも美味しいので(^^)
1971-1,十四代,☆Shige☆,5,2018年8月31日,今後ともよろしくお願い致しますε-(´∀｀; )   ストックから選んだのは、通いの望月酒店でスタンプが貯まり定価購入させていただきました‼️  兵庫県特A地区山田錦 精米35%   ではいただきますε-(´∀｀; )  開栓したらすぐさまフルーティな香りが、呑んだ瞬間出た言葉は旨い‼️全然違う
1971-2,十四代,☆Shige☆,5,2018年8月31日,本当に旨いです
1991,十四代,福助,4.5,2018年7月30日,以前に飲んだ時は、開栓後のもので若干酸味が有ったと記憶してたけど、今回はほとんど感じませんでした
1999,十四代,ミユヒロ,5,2018年7月15日,中取り純米吟醸　赤磐雄町  初めて十四代の雄町を飲んだけど、清々しい甘味がして最高に上手い
2000,十四代,さくら,4,2018年7月14日,十四代本丸  4   多分私今日調子悪い  丸くて美味しいと思っていた本丸でさえ酸味を感じる
2001-1,十四代,さくら,3.5,2018年7月14日,十四代 中取り純米吟醸 播州愛山  3.8  十四代にしては酸味が立ってる感じ  アタック酸味で余韻に旨味 飲み進めるとうまくなる  これ前回もそんな評価だったね
2001-2,十四代,さくら,3.5,2018年7月14日,再会してももう飲まなくてもいいかな、で評価を下げました
2006,十四代,Takashi Rikukawa,5,2018年7月12日,十四代 純米吟醸 酒未来  一人十四代飲みの会3杯目   龍月、双虹を飲んだ後で、  放心していたため、あまり覚えていない（´-`）.｡oO
2009,十四代,GOkutanMom,5,2018年7月11日,まさに極上の美味しいお水
2016,十四代,Kazuki Kamanaka,4.5,2018年7月6日,流石十四代飲みやすく美味しい
2017,十四代,inakakachu,4.5,2018年7月4日,価格もリーズナブルでここまで美味いとは、幸せな時間を過ごさせてもらった
2021,十四代,HIR023,4,2018年6月25日,純米酒じゃないけど癖がなくて美味しい
2022,十四代,さすらいのうぶちゃん,5,2018年6月25日,なかなか頂くことの出来ない最高級の日本酒で、鮎と伝説の海老しんじょに合わせて飲んだ最高のお酒は格別でした
2028-1,十四代,katachiim,,2018年6月15日,十四代が美味くないんじゃなく、十四代並みに美味しい酒が増えたんだと思う
2028-2,十四代,katachiim,,2018年6月15日,十四代のラベルを隠して飲んだ時に、これがランキング1位の酒と当てる自信は私はありません
2033,十四代,Rieko  Takenaka,5,2018年5月29日,十四代のみくらべをしてみました＼(^^)／  思いきって三本開けてしまいました❗  雄町 本丸 龍の落とし子  どれも美味しいです  このコスパでここまでの味をだせるからこそプレミヤなのはわかりました❗  お客様もとっても豪華な飲み比べると大変喜んでくれたので私的にも満足
2038-1,十四代,akiii,4,2018年5月16日,十四代以外にも旨い酒は沢山ある
2038-2,十四代,akiii,4,2018年5月16日,旨いは旨いですけど(^-^;
2039,十四代,YZA,5,2018年5月15日,"購入価格3,240円次買えるのはいつかなー、次は少し冷蔵庫で奉りたいですね"
2041,十四代,ぴぴ,5,2018年5月10日,十四代　龍の落とし子  飲んだ瞬間、衝撃が走りました
2050-1,十四代,HIR023,4.5,2018年5月1日,十四代　白鶴錦　純米吟醸  新潟旅行で微妙にわからなくなりつつあった美味しい日本酒の基準を思い出すため十四代と田酒を飲みに桜木町へ
2050-2,十四代,HIR023,4.5,2018年5月1日,やっぱり美味しいお酒でした
2058,十四代,福助,4.5,2018年4月29日,やっぱり美味しいですね(^^)   この日は他に飛露喜の純米吟醸愛山とくどき上手の大吟醸を頂きましたが、話が盛り上がって写真、味ともに失念(^^)勿体ないことしちゃった
2062,十四代,mina sake,5,2018年4月22日,香りは無くなってましたが、味は損なわれず  トロっとした滑らかさあり、酸味と甘みと辛味とバランス良く、やっぱ美味しい
2065,十四代,Kazuki Kamanaka,5,2018年4月18日,本当に美味しい
2074-1,十四代,SHIMAO,4.5,2018年4月4日,旨い
2074-2,十四代,SHIMAO,4.5,2018年4月4日,本日5杯目でだいぶ酒も回り、酒の味も皆一緒に感じてくるであろう頃合いだが、それでも旨いと言わざるを得ない
2078,十四代,さくら,5,2018年3月29日,十四代本丸   旨くないわけないじゃん‼︎  この子はさっと飲むんじゃなくての中で広げた方が美味しい  甘旨ジューシーのバランスが最高
2082,十四代,らら,4.5,2018年3月26日,素直に美味しいと感じるのお酒で、日本酒が分からなくなったら戻ってくるようなお酒です
2087-1,十四代,まぉ,4,2018年3月12日,十四代が1番美味いから飲みたいとかではなく、飲むと日本酒って美味しいと再確認させてくれる存在
2087-2,十四代,まぉ,4,2018年3月12日,自分に合わないものを飲んだあとに飲むように、自分のルーティンにしてる
2088,十四代,みえ,4.5,2018年3月12日,十四代  角新 純米吟醸   出羽燦々 生酒  美味しいの一言です  o(*º▽º*)o♪♪♪
2089,十四代,Takashi Rikukawa,5,2018年3月12日,やっぱり旨い、十四代
2092,十四代,Y氏,5,2018年3月8日,本丸  なんだよコレ  むかし何度か呑んだけど、、、日本酒を好きになってから…   改めて       なんだよコレ
2093-1,十四代,Yuuki Ito,4,2018年3月7日,人生初めて十四代を飲んだとき
2093-2,十四代,Yuuki Ito,4,2018年3月7日,初めて飲んだときなので興奮してよく覚えてませんが（笑）  山形のお酒はハズレがないので
2102,十四代,さくら,5,2018年2月15日,今日のお酒はみんな5評価になっちゃうな   1合￥1800
2124,十四代,mantai360,5,2018年1月9日,おれは好きだけど、強くない分呑みやすいのは当然なので、物足りないと感じるかもしれない
2128-1,十四代,mantai360,5,2018年1月3日,入りがさわやかな軽さなのに、お酒に棘がなく旨い
2128-2,十四代,mantai360,5,2018年1月3日,とにかく旨い
2149,十四代,さくら,4,2017年12月18日,十四代 純米中取り無濾過  純米吟醸愛山を少し濃くした感じ  やはり半合1580円も出さなくても…で、ネームバリューで評価は4だけど、値段を入れたら3
2150,十四代,さくら,4,2017年12月18日,味とネームバリューで評価は4だけど、値段を入れたら3
2157,十四代,mantai360,5,2017年12月17日,すごく綺麗で、呑んでから余韻がしっかりを味わえて、ガツガツ呑むより、ゆっくり呑んでも味が中々逃げない分、  本丸が好きにはほんの少し物足りないとは思います
2163,十四代,wilier,4.5,2017年11月27日,冷から常温になるまでゆっくり飲んだが、最後まで旨いと思えたお酒でした
2167,十四代,mantai360,5,2017年11月23日,それだと分かりづらいんで、ちょっと卑猥な表現になるんですが、男性が、とある女性に一目惚れしたとすると   通常なら   連絡先聞いて、食事誘って、デートして、付き合って、肉体関係になる、結婚する※人によっては違う場合あり※  の段取りがあるとして   龍月の場合 その煩わしさが取っ払われてて   惚れる→目を閉じる→気づいたらベッドインしている   これぐらい煩わしさが一切なくイキナリ旨い
2168,十四代,wilier,4.5,2017年11月22日,初めて十四代を飲んだが、いや〜美味しい( ☆∀☆) 香りは穏やかながらフルーティーで、飲み口は軽く、甘過ぎることなく、スル②飲みすぎてしまいそうなお酒
2183,十四代,pokota,4,2017年10月12日,プレミアム価格は嫌な私でしたが、やはり名前が名前だけに飲んじゃいました
2198,十四代,Cesoir105,4.5,2017年9月3日,香り爽やか、どストライクの芳醇軽甘系で巷の高評価に納得
2205,十四代,kazu,5,2017年8月6日,やはり高評価です
2207,十四代,TANACAFE,5,2017年7月20日,飲んだのはかれこれ２年ほど前になってしまうけど、  忘れられない美味しさ
2209,十四代,F.HYM,4,2017年7月19日,今月の十四代は、  ・十四代 吟醸（★4.0）  ・十四代 純米吟醸 中取り播州愛山（★3.5）  ・十四代 純米 中取り無濾過生詰（★3.5）   ほんと美味しいですよね、十四代
2213-1,十四代,モコモコ,4.5,2017年7月15日,飲んだ時は、純米大吟醸かと思いましたが店主が  純米酒ですよと教えてくれて驚きました
2213-2,十四代,モコモコ,4.5,2017年7月15日,ほのかにフルーティな香りがして、かなり好きな味です
2213-3,十四代,モコモコ,4.5,2017年7月15日,本当に美味しいお酒ですね
2218,十四代,ももたろ,4,2017年7月1日,十四代 本丸、初めて飲んだ
2231,十四代,Sakejiro,4,2017年6月5日,十四代と登録しといて、黒龍のが好きだったってオチです
2241,十四代,シンピー,4.5,2017年4月25日,十四代 純米大吟醸 極上諸白  キレ◎、旨味◎、呑みやすさ◎  十四代の純米大吟、さすがに旨いです
2244,十四代,kossy,4,2017年4月22日,美味いに決まってるんですが、価格ほどの有り難みは正直…と僻んでみる^q^
2246,十四代,Takashi Rikukawa,5,2017年4月16日,いつ飲んでも旨いです
2251,十四代,Satoru Ikegawa,5,2017年3月16日,昨年末、先輩にすすめられて飲んだ日本酒
2267,十四代,ワインからお酒に転向,4.5,2016年12月31日,入手困難度からすれば無理してもう一度買おうとは思わない
2274,十四代,Anekopika,4.5,2016年12月3日,飲める喜びで正確な評価が出来ていないかもしれないがうまかった
2275,十四代,ワインからお酒に転向,4.5,2016年11月10日,全体的には軽い、爽やか、薄甘の印象 唯一無二の日本酒と言われるのが納得 これで?2160(定価)は凄いCP  追伸:開けて半日で飲むとあの瑞々しさが消えかなり濃い目の味、香りも消えて至って普通の吟醸香 もし外飲みだとこの味になるのだろう四つ星に評価ダウン  3日目残合位有るが不思議な事に抜栓した直後の軽やかに戻ってる
2276,十四代,Takashi Rikukawa,5,2016年11月7日,十四代・純米吟醸・龍の落とし子   文句なしに旨いです
2277-1,十四代,Takashi Rikukawa,5,2016年11月1日,十四代が最高の味かどうかは別にして、  入手が最も難しいと思う十四代を家飲み出来たのは、  一つの区切りになったと思います
2277-2,十四代,Takashi Rikukawa,5,2016年11月1日,とほんのすこしの苦味と酸味がうまく  マッチして、とても旨いです
2285,十四代,Manabu Tanaka,4.5,2016年7月1日,十四代好きならおさえておきたい一本でしょう
2307-1,十四代,Manabu Tanaka,5,2015年9月30日,以前レビューしましたが、再評価させてください
2307-2,十四代,Manabu Tanaka,5,2015年9月30日,米の旨味があり、バランスが良く本当に美味しい
2309,十四代,Manabu Tanaka,4.5,2015年9月30日,竜の落とし子も非常に美味しい
2313,十四代,Manabu Tanaka,4,2015年9月30日,純米吟醸の旨味の主張のほうが好みではありますが、これも美味しい
2315,十四代,Manabu Tanaka,5,2015年9月30日,飲んだメンバー全員が説明に困る始末でした
2326-1,十四代,かおたん吉,4.5,2015年6月9日,やっぱり猫が好き
2326-2,十四代,かおたん吉,4.5,2015年6月9日,いやいや、十四代が好き（笑）
2333,十四代,fuyu,4,2014年11月2日,大好きな雄町でふっくらした味わいを堪能
2344,十四代,fuyu,4.5,2014年8月31日,旨い
2346,十四代,uchida_yosuke,4.5,2014年8月24日,味は複雑、甘すぎず、旨い
2350-1,十四代,uchida_yosuke,5,2014年7月21日,純米吟醸  角新  今まで飲んだ十四代の中でも最高級の旨さ
2350-2,十四代,uchida_yosuke,5,2014年7月21日,とにかく旨い